Protocollo;Gruppo;DataOraIncidente;Localizzazione1;STRADA1;Localizzazione2;STRADA2;Strada02;Chilometrica;DaSpecificare;NaturaIncidente;particolaritastrade;TipoStrada;FondoStradale;Pavimentazione;Segnaletica;CondizioneAtmosferica;Traffico;Visibilita;Illuminazione;NUM_FERITI;NUM_RISERVATA;NUM_MORTI;NUM_ILLESI;Longitude;Latitude;Confermato;Progressivo;TipoVeicolo;StatoVeicolo;TipoPersona;Sesso;Tipolesione;Deceduto;DecedutoDopo;CinturaCascoUtilizzato;Airbag;
4733115;15;01/01/2020 05:00:00;Strada Urbana;VIA DELLA FANELLA;da specificare;;;;fronte civico 3;Veicolo in marcia contro veicolo in sosta;Rettilineo;Una carreggiata a doppio senso;Asciutto;Asfaltata;Orizzontale;Sereno;Scarso;Buona;Sufficiente;0;0;0;0;12.4325;41.8533;-1;1;Autovettura privata;Sosta;;;;;;;
4733119;9;01/01/2020 19:10:00;Strada Urbana;VIA TUSCOLANA;in prossimit�;;del civico n.;692;;Tamponamento;Rettilineo;Due carreggiate;Asciutto;Asfaltata;Assente;Sereno;Normale;Buona;Sufficiente;0;0;0;4;12.5419;41.8668;-1;1;Autovettura privata;In marcia / fermata / arresto;Conducente;M;Illeso;0;;Non accertato;Inesploso
4733119;9;01/01/2020 19:10:00;Strada Urbana;VIA TUSCOLANA;in prossimit�;;del civico n.;692;;Tamponamento;Rettilineo;Due carreggiate;Asciutto;Asfaltata;Assente;Sereno;Normale;Buona;Sufficiente;0;0;0;4;12.5419;41.8668;-1;2;Autovettura privata;In marcia / fermata / arresto;Conducente;M;Illeso;0;;Non accertato;Inesploso
4733119;9;01/01/2020 19:10:00;Strada Urbana;VIA TUSCOLANA;in prossimit�;;del civico n.;692;;Tamponamento;Rettilineo;Due carreggiate;Asciutto;Asfaltata;Assente;Sereno;Normale;Buona;Sufficiente;0;0;0;4;12.5419;41.8668;-1;2;Autovettura privata;In marcia / fermata / arresto;Passeggero;M;Illeso;0;;Non accertato;Inesploso
4733119;9;01/01/2020 19:10:00;Strada Urbana;VIA TUSCOLANA;in prossimit�;;del civico n.;692;;Tamponamento;Rettilineo;Due carreggiate;Asciutto;Asfaltata;Assente;Sereno;Normale;Buona;Sufficiente;0;0;0;4;12.5419;41.8668;-1;2;Autovettura privata;In marcia / fermata / arresto;Passeggero;M;Illeso;0;;Non accertato;Inesploso
4733122;15;01/01/2020 17:20:00;Strada Urbana;VIA ODERISI DA GUBBIO;in prossimit�;;del civico n.;170;;Veicolo in marcia contro veicolo in sosta;Rettilineo;Una carreggiata a doppio senso;Asciutto;Asfaltata;Verticale;Sereno;Normale;Sufficiente;Sufficiente;0;0;0;2;12.4649;41.8651;-1;1;Autovettura privata;In marcia / fermata / arresto;Conducente;M;Illeso;0;;;
4733122;15;01/01/2020 17:20:00;Strada Urbana;VIA ODERISI DA GUBBIO;in prossimit�;;del civico n.;170;;Veicolo in marcia contro veicolo in sosta;Rettilineo;Una carreggiata a doppio senso;Asciutto;Asfaltata;Verticale;Sereno;Normale;Sufficiente;Sufficiente;0;0;0;2;12.4649;41.8651;-1;2;Autovettura privata;Sosta;Passeggero;F;Illeso;0;;;
4733125;9;01/01/2020 04:30:00;Strada Urbana;VIA APPIA NUOVA;da specificare;;;;altezza via Alba;Scontro laterale fra veicoli in marcia;Rettilineo;Pi� di due carreggiate;Asciutto;Asfaltata;Verticale ed orizzontale;Sereno;Scarso;Sufficiente;Sufficiente;1;0;0;1;12.5599;41.8262;-1;1;Autovettura privata;In marcia / fermata / arresto;Conducente;F;Rimandato;0;NON DECEDUTO;Non accertato;Inesploso
4733125;9;01/01/2020 04:30:00;Strada Urbana;VIA APPIA NUOVA;da specificare;;;;altezza via Alba;Scontro laterale fra veicoli in marcia;Rettilineo;Pi� di due carreggiate;Asciutto;Asfaltata;Verticale ed orizzontale;Sereno;Scarso;Sufficiente;Sufficiente;1;0;0;1;12.5599;41.8262;-1;2;Autovettura privata;In marcia / fermata / arresto;Conducente;M;Illeso;0;;Non accertato;Inesploso
4733129;8;01/01/2020 01:00:00;Strada Urbana;VIA CASILINA;in prossimit�;;del civico n.;1375;;Veicolo in marcia contro ostacolo fisso;Rettilineo;Una carreggiata a doppio senso;Asciutto;Asfaltata;Verticale ed orizzontale;Sereno;Normale;Buona;Sufficiente;0;0;0;0;12.6162;41.8632;-1;1;Autovettura privata;In marcia / fermata / arresto;;;;;;;
4733132;9;01/01/2020 00:30:00;Strada Urbana;PIAZZA ZAMA;da specificare;;;;altezza fronte civico 8;Veicolo in marcia contro veicoli in sosta;Rotatoria;Una carreggiata a senso unico di marcia;Asciutto;Asfaltata;Verticale ed orizzontale;Sereno;Scarso;Sufficiente;Sufficiente;0;0;1;0;12.5103;41.8759;-1;1;Autovettura privata;In marcia / fermata / arresto;Conducente;M;Prognosi riservata;0;DECEDUTO ENTRO 15 GIORNI;Non accertato;Esploso
4733132;9;01/01/2020 00:30:00;Strada Urbana;PIAZZA ZAMA;da specificare;;;;altezza fronte civico 8;Veicolo in marcia contro veicoli in sosta;Rotatoria;Una carreggiata a senso unico di marcia;Asciutto;Asfaltata;Verticale ed orizzontale;Sereno;Scarso;Sufficiente;Sufficiente;0;0;1;0;12.5103;41.8759;-1;2;Autovettura privata;Sosta;;;;;;;
4733132;9;01/01/2020 00:30:00;Strada Urbana;PIAZZA ZAMA;da specificare;;;;altezza fronte civico 8;Veicolo in marcia contro veicoli in sosta;Rotatoria;Una carreggiata a senso unico di marcia;Asciutto;Asfaltata;Verticale ed orizzontale;Sereno;Scarso;Sufficiente;Sufficiente;0;0;1;0;12.5103;41.8759;-1;3;Autovettura privata;Sosta;;;;;;;
4733132;9;01/01/2020 00:30:00;Strada Urbana;PIAZZA ZAMA;da specificare;;;;altezza fronte civico 8;Veicolo in marcia contro veicoli in sosta;Rotatoria;Una carreggiata a senso unico di marcia;Asciutto;Asfaltata;Verticale ed orizzontale;Sereno;Scarso;Sufficiente;Sufficiente;0;0;1;0;12.5103;41.8759;-1;4;Autovettura privata;Sosta;;;;;;;
4733140;7;01/01/2020 10:20:00;Strada Urbana;VIA RAIMONDO TARGETTI;da specificare;;;;planimetria 038 - pross. Molfetta;Veicolo in marcia contro ostacolo fisso;Rettilineo;Una carreggiata a doppio senso;Asciutto;Asfaltata;Assente;Sereno;Scarso;Buona;Ore Diurne;0;0;0;1;12.5811;41.892;0;1;Autovettura privata;In marcia / fermata / arresto;Conducente;M;Illeso;0;;Non accertato;
4733144;20;01/01/2020 05:50:00;Strada Urbana;VIA CASSIA;all'intersezione semaforizzata con;VIA DEI DUE PONTI;VIA DEI DUE PONTI;;;Tamponamento;Intersezione semaforizzata;Una carreggiata a doppio senso;Asciutto;Asfaltata;Verticale ed orizzontale;Sereno;Scarso;Sufficiente;Sufficiente;0;0;0;3;12.447;41.9633;-1;1;Autovettura privata;In marcia / fermata / arresto;Conducente;M;Illeso;0;;Non accertato;Inesploso
4733144;20;01/01/2020 05:50:00;Strada Urbana;VIA CASSIA;all'intersezione semaforizzata con;VIA DEI DUE PONTI;VIA DEI DUE PONTI;;;Tamponamento;Intersezione semaforizzata;Una carreggiata a doppio senso;Asciutto;Asfaltata;Verticale ed orizzontale;Sereno;Scarso;Sufficiente;Sufficiente;0;0;0;3;12.447;41.9633;-1;1;Autovettura privata;In marcia / fermata / arresto;Passeggero;M;Illeso;0;;Non accertato;Inesploso
4733144;20;01/01/2020 05:50:00;Strada Urbana;VIA CASSIA;all'intersezione semaforizzata con;VIA DEI DUE PONTI;VIA DEI DUE PONTI;;;Tamponamento;Intersezione semaforizzata;Una carreggiata a doppio senso;Asciutto;Asfaltata;Verticale ed orizzontale;Sereno;Scarso;Sufficiente;Sufficiente;0;0;0;3;12.447;41.9633;-1;2;Autovettura privata;In marcia / fermata / arresto;Conducente;F;Illeso;0;;Non accertato;Inesploso
4733149;8;01/01/2020 23:50:00;Strada Urbana;VIA CASILINA;all'intersezione con;VIA ENRICO GIGLIOLI;VIA ENRICO GIGLIOLI;;;Scontro laterale fra veicoli in marcia;Intersezione semaforizzata;Due carreggiate;Asciutto;Asfaltata;Verticale ed orizzontale;Sereno;Scarso;Sufficiente;Sufficiente;1;0;0;0;12.6199;41.8628;0;1;Autovettura privata;In marcia / fermata / arresto;Conducente;M;Rifiuta cure immediate;0;NON DECEDUTO;;
4733149;8;01/01/2020 23:50:00;Strada Urbana;VIA CASILINA;all'intersezione con;VIA ENRICO GIGLIOLI;VIA ENRICO GIGLIOLI;;;Scontro laterale fra veicoli in marcia;Intersezione semaforizzata;Due carreggiate;Asciutto;Asfaltata;Verticale ed orizzontale;Sereno;Scarso;Sufficiente;Sufficiente;1;0;0;0;12.6199;41.8628;0;2;Autovettura privata;Allontanatosi;;;;;;;
4733153;8;01/01/2020 03:50:00;Strada Urbana;VIA PRENESTINA;da specificare;;;;alt. Via Pomigliano d'Arco;Scontro frontale/laterale SX fra veicoli in marcia;Rettilineo;Una carreggiata a doppio senso;Asciutto;Asfaltata;Verticale ed orizzontale;Sereno;Normale;Sufficiente;Sufficiente;2;0;0;0;12.6155;41.8933;-1;1;Autovettura privata;In marcia / fermata / arresto;Conducente;F;Rimandato;0;NON DECEDUTO;;
4733153;8;01/01/2020 03:50:00;Strada Urbana;VIA PRENESTINA;da specificare;;;;alt. Via Pomigliano d'Arco;Scontro frontale/laterale SX fra veicoli in marcia;Rettilineo;Una carreggiata a doppio senso;Asciutto;Asfaltata;Verticale ed orizzontale;Sereno;Normale;Sufficiente;Sufficiente;2;0;0;0;12.6155;41.8933;-1;2;Autovettura privata;In marcia / fermata / arresto;Conducente;M;Rimandato;0;NON DECEDUTO;Non accertato;Inesploso
4733163;2;01/01/2020 02:00:00;Strada Urbana;VIA DEI DUE PONTI;da specificare;;;;alt. palo Acea n� 80;Veicolo in marcia contro ostacolo fisso;Rettilineo;Una carreggiata a doppio senso;Asciutto;Asfaltata;Orizzontale;Sereno;Scarso;Sufficiente;Sufficiente;1;0;0;0;12.4701;41.9656;-1;1;Autovettura privata;In marcia / fermata / arresto;Conducente;M;Rimandato;0;NON DECEDUTO;;
4733166;9;02/01/2020 06:40:00;Strada Urbana;VIA MACEDONIA;all'intersezione semaforizzata con;VIA LATINA;VIA LATINA;;;Investimento di pedone;Intersezione semaforizzata;Una carreggiata a doppio senso;Asciutto;Asfaltata;Verticale ed orizzontale;Sereno;Scarso;Sufficiente;Sufficiente;1;0;0;1;12.5118;41.8737;-1;;;;Pedone;F;Rimandato;0;NON DECEDUTO;;
4733166;9;02/01/2020 06:40:00;Strada Urbana;VIA MACEDONIA;all'intersezione semaforizzata con;VIA LATINA;VIA LATINA;;;Investimento di pedone;Intersezione semaforizzata;Una carreggiata a doppio senso;Asciutto;Asfaltata;Verticale ed orizzontale;Sereno;Scarso;Sufficiente;Sufficiente;1;0;0;1;12.5118;41.8737;-1;1;Autovettura privata;In marcia / fermata / arresto;Conducente;M;Illeso;0;;Non accertato;Inesploso
4733169;9;01/01/2020 08:45:00;Strada Urbana;PIAZZALE LABICANO;all'intersezione con;VIALE DELLO SCALO S. LORENZO;VIALE DELLO SCALO S. LORENZO;;;Scontro laterale fra veicoli in marcia;Incrocio;Una carreggiata a senso unico di marcia;Asciutto;Asfaltata;Verticale;Sereno;Scarso;Buona;Ore Diurne;0;0;0;2;12.5155;41.8922;-1;1;Autovettura privata;In marcia / fermata / arresto;Conducente;M;Illeso;0;;Non accertato;Inesploso
4733169;9;01/01/2020 08:45:00;Strada Urbana;PIAZZALE LABICANO;all'intersezione con;VIALE DELLO SCALO S. LORENZO;VIALE DELLO SCALO S. LORENZO;;;Scontro laterale fra veicoli in marcia;Incrocio;Una carreggiata a senso unico di marcia;Asciutto;Asfaltata;Verticale;Sereno;Scarso;Buona;Ore Diurne;0;0;0;2;12.5155;41.8922;-1;2;Autovettura privata;In marcia / fermata / arresto;Conducente;M;Illeso;0;;Non accertato;Inesploso
4733175;9;01/01/2020 19:12:00;Strada Urbana;VIA TUSCOLANA;in prossimit�;;del civico n.;465;;Tamponamento;Rettilineo;Due carreggiate;Asciutto;Asfaltata;Assente;Sereno;Normale;Buona;Sufficiente;0;0;0;2;12.5355;41.8708;-1;1;Autovettura privata;In marcia / fermata / arresto;Conducente;M;Illeso;0;;Non accertato;Inesploso
4733175;9;01/01/2020 19:12:00;Strada Urbana;VIA TUSCOLANA;in prossimit�;;del civico n.;465;;Tamponamento;Rettilineo;Due carreggiate;Asciutto;Asfaltata;Assente;Sereno;Normale;Buona;Sufficiente;0;0;0;2;12.5355;41.8708;-1;2;Autovettura privata;In marcia / fermata / arresto;Conducente;M;Illeso;0;;Non accertato;Inesploso
4733178;5;01/01/2020 17:50:00;Strada Urbana;VIA IGINO GIORDANI;all'intersezione con;PIAZZA EDOARDO PERSICO;PIAZZA EDOARDO PERSICO;;;Investimento di pedone;Incrocio;Una carreggiata a doppio senso;Asciutto;Asfaltata;Verticale ed orizzontale;Sereno;Normale;Buona;Sufficiente;1;0;0;1;12.5597;41.9062;-1;;;;Pedone;F;Rimandato;0;NON DECEDUTO;;
4733178;5;01/01/2020 17:50:00;Strada Urbana;VIA IGINO GIORDANI;all'intersezione con;PIAZZA EDOARDO PERSICO;PIAZZA EDOARDO PERSICO;;;Investimento di pedone;Incrocio;Una carreggiata a doppio senso;Asciutto;Asfaltata;Verticale ed orizzontale;Sereno;Normale;Buona;Sufficiente;1;0;0;1;12.5597;41.9062;-1;1;Autovettura privata;In marcia / fermata / arresto;Conducente;F;Illeso;0;;Non accertato;Inesploso
4733181;9;01/01/2020 10:30:00;;VIA ETRURIA;in prossimit�;;del civico n.;15;;Tamponamento;;;;;;;;;;0;0;0;0;12.5139;41.8787;0;1;Autovettura privata;Sosta;;;;;;;
4733181;9;01/01/2020 10:30:00;;VIA ETRURIA;in prossimit�;;del civico n.;15;;Tamponamento;;;;;;;;;;0;0;0;0;12.5139;41.8787;0;2;Motociclo a solo;Sosta;;;;;;;
4733194;6;01/01/2020 23:45:00;Strada Urbana;VIA DEI MONTI TIBURTINI;all'intersezione semaforizzata con;VIA FILIPPO MEDA;VIA FILIPPO MEDA;;;Tamponamento;Intersezione semaforizzata;Due carreggiate;Asciutto;Asfaltata;Verticale ed orizzontale;Sereno;Scarso;Buona;Sufficiente;0;0;0;3;12.5476;41.9156;-1;1;Autovettura privata;In marcia / fermata / arresto;Conducente;M;Illeso;0;;Non accertato;Inesploso
4733194;6;01/01/2020 23:45:00;Strada Urbana;VIA DEI MONTI TIBURTINI;all'intersezione semaforizzata con;VIA FILIPPO MEDA;VIA FILIPPO MEDA;;;Tamponamento;Intersezione semaforizzata;Due carreggiate;Asciutto;Asfaltata;Verticale ed orizzontale;Sereno;Scarso;Buona;Sufficiente;0;0;0;3;12.5476;41.9156;-1;1;Autovettura privata;In marcia / fermata / arresto;Passeggero;M;Illeso;0;;Non accertato;Inesploso
4733194;6;01/01/2020 23:45:00;Strada Urbana;VIA DEI MONTI TIBURTINI;all'intersezione semaforizzata con;VIA FILIPPO MEDA;VIA FILIPPO MEDA;;;Tamponamento;Intersezione semaforizzata;Due carreggiate;Asciutto;Asfaltata;Verticale ed orizzontale;Sereno;Scarso;Buona;Sufficiente;0;0;0;3;12.5476;41.9156;-1;2;Autovettura privata;In marcia / fermata / arresto;Conducente;M;Illeso;0;;Non accertato;Inesploso
4733195;7;01/01/2020 21:10:00;Strada Urbana;VIALE DELLA SERENISSIMA;in corrispondenza;;del palo luce n.;61;;Scontro laterale fra veicoli in marcia;Rettilineo;Una carreggiata a senso unico di marcia;Asciutto;Asfaltata;Orizzontale;Sereno;Scarso;Insufficiente;Insufficiente;1;0;0;2;12.5582;41.8987;-1;1;Autovettura privata;In marcia / fermata / arresto;Conducente;M;Illeso;0;;Non accertato;Inesploso
4733195;7;01/01/2020 21:10:00;Strada Urbana;VIALE DELLA SERENISSIMA;in corrispondenza;;del palo luce n.;61;;Scontro laterale fra veicoli in marcia;Rettilineo;Una carreggiata a senso unico di marcia;Asciutto;Asfaltata;Orizzontale;Sereno;Scarso;Insufficiente;Insufficiente;1;0;0;2;12.5582;41.8987;-1;2;Autovettura privata;In marcia / fermata / arresto;Conducente;M;Illeso;0;;Non accertato;Inesploso
4733195;7;01/01/2020 21:10:00;Strada Urbana;VIALE DELLA SERENISSIMA;in corrispondenza;;del palo luce n.;61;;Scontro laterale fra veicoli in marcia;Rettilineo;Una carreggiata a senso unico di marcia;Asciutto;Asfaltata;Orizzontale;Sereno;Scarso;Insufficiente;Insufficiente;1;0;0;2;12.5582;41.8987;-1;3;Motociclo a solo;In marcia / fermata / arresto;Conducente;M;Rimandato;0;NON DECEDUTO;Non accertato;
4733203;9;01/01/2020 03:30:00;Strada Urbana;VIA LA SPEZIA;da specificare;;;;alt fermata autobus prima di LARGO BRINDISI;Investimento di pedone;Rettilineo;Una carreggiata a doppio senso;Asciutto;Asfaltata;Verticale ed orizzontale;Sereno;Normale;Sufficiente;Sufficiente;1;0;0;1;12.5108;41.8857;-1;;;;Pedone;M;Rimandato;0;NON DECEDUTO;;
4733203;9;01/01/2020 03:30:00;Strada Urbana;VIA LA SPEZIA;da specificare;;;;alt fermata autobus prima di LARGO BRINDISI;Investimento di pedone;Rettilineo;Una carreggiata a doppio senso;Asciutto;Asfaltata;Verticale ed orizzontale;Sereno;Normale;Sufficiente;Sufficiente;1;0;0;1;12.5108;41.8857;-1;1;Autovettura pubblica;In marcia / fermata / arresto;Conducente;M;Illeso;0;;Non accertato;Inesploso
4733216;4;01/01/2020 05:30:00;Strada Urbana;VIALE DEL MURO TORTO;da specificare;;;;dir V. Veneto 2�curva a dx 50 m dopo palo acea 10;Fuoriuscita dalla sede stradale;Curva a visuale libera;Due carreggiate;Asciutto;Asfaltata;Verticale ed orizzontale;Sereno;Scarso;Buona;Sufficiente;1;0;0;2;12.4863;41.9087;-1;1;Autovettura privata;In marcia / fermata / arresto;Conducente;M;Illeso;0;;;
4733216;4;01/01/2020 05:30:00;Strada Urbana;VIALE DEL MURO TORTO;da specificare;;;;dir V. Veneto 2�curva a dx 50 m dopo palo acea 10;Fuoriuscita dalla sede stradale;Curva a visuale libera;Due carreggiate;Asciutto;Asfaltata;Verticale ed orizzontale;Sereno;Scarso;Buona;Sufficiente;1;0;0;2;12.4863;41.9087;-1;1;Autovettura privata;In marcia / fermata / arresto;Passeggero;M;Rimandato;0;NON DECEDUTO;;
4733216;4;01/01/2020 05:30:00;Strada Urbana;VIALE DEL MURO TORTO;da specificare;;;;dir V. Veneto 2�curva a dx 50 m dopo palo acea 10;Fuoriuscita dalla sede stradale;Curva a visuale libera;Due carreggiate;Asciutto;Asfaltata;Verticale ed orizzontale;Sereno;Scarso;Buona;Sufficiente;1;0;0;2;12.4863;41.9087;-1;1;Autovettura privata;In marcia / fermata / arresto;Passeggero;F;Illeso;0;;;
4733218;9;01/01/2020 23:30:00;;VIA APPIA NUOVA;all'intersezione con;VIA DON ORIONE;VIA DON ORIONE;;;Scontro frontale/laterale DX fra veicoli in marcia;;;;;;;;;;0;0;0;1;12.5169;41.8794;0;1;Autovettura privata;Allontanatosi;;;;;;;
4733218;9;01/01/2020 23:30:00;;VIA APPIA NUOVA;all'intersezione con;VIA DON ORIONE;VIA DON ORIONE;;;Scontro frontale/laterale DX fra veicoli in marcia;;;;;;;;;;0;0;0;1;12.5169;41.8794;0;2;Motociclo a solo;In marcia / fermata / arresto;Conducente;M;Illeso;0;;;
4733221;10;01/01/2020 16:20:00;Strada Urbana;VIA TUSCOLANA;in prossimit�;;del civico n.;2112;;Tamponamento;Rettilineo;Due carreggiate;Asciutto;Asfaltata;Verticale ed orizzontale;Sereno;Normale;Buona;Ore Diurne;0;0;0;7;12.6252;41.8274;-1;1;Autovettura privata;In marcia / fermata / arresto;Conducente;M;Illeso;0;;Non accertato;Inesploso
4733221;10;01/01/2020 16:20:00;Strada Urbana;VIA TUSCOLANA;in prossimit�;;del civico n.;2112;;Tamponamento;Rettilineo;Due carreggiate;Asciutto;Asfaltata;Verticale ed orizzontale;Sereno;Normale;Buona;Ore Diurne;0;0;0;7;12.6252;41.8274;-1;1;Autovettura privata;In marcia / fermata / arresto;Passeggero;M;Illeso;0;;Non accertato;Inesploso
4733221;10;01/01/2020 16:20:00;Strada Urbana;VIA TUSCOLANA;in prossimit�;;del civico n.;2112;;Tamponamento;Rettilineo;Due carreggiate;Asciutto;Asfaltata;Verticale ed orizzontale;Sereno;Normale;Buona;Ore Diurne;0;0;0;7;12.6252;41.8274;-1;2;Autovettura privata;In marcia / fermata / arresto;Conducente;F;Illeso;0;;Non accertato;Inesploso
4733221;10;01/01/2020 16:20:00;Strada Urbana;VIA TUSCOLANA;in prossimit�;;del civico n.;2112;;Tamponamento;Rettilineo;Due carreggiate;Asciutto;Asfaltata;Verticale ed orizzontale;Sereno;Normale;Buona;Ore Diurne;0;0;0;7;12.6252;41.8274;-1;2;Autovettura privata;In marcia / fermata / arresto;Passeggero;M;Illeso;0;;Non accertato;Inesploso
4733221;10;01/01/2020 16:20:00;Strada Urbana;VIA TUSCOLANA;in prossimit�;;del civico n.;2112;;Tamponamento;Rettilineo;Due carreggiate;Asciutto;Asfaltata;Verticale ed orizzontale;Sereno;Normale;Buona;Ore Diurne;0;0;0;7;12.6252;41.8274;-1;2;Autovettura privata;In marcia / fermata / arresto;Passeggero;M;Illeso;0;;Non accertato;Inesploso
4733221;10;01/01/2020 16:20:00;Strada Urbana;VIA TUSCOLANA;in prossimit�;;del civico n.;2112;;Tamponamento;Rettilineo;Due carreggiate;Asciutto;Asfaltata;Verticale ed orizzontale;Sereno;Normale;Buona;Ore Diurne;0;0;0;7;12.6252;41.8274;-1;2;Autovettura privata;In marcia / fermata / arresto;Passeggero;F;Illeso;0;;Non accertato;Inesploso
4733221;10;01/01/2020 16:20:00;Strada Urbana;VIA TUSCOLANA;in prossimit�;;del civico n.;2112;;Tamponamento;Rettilineo;Due carreggiate;Asciutto;Asfaltata;Verticale ed orizzontale;Sereno;Normale;Buona;Ore Diurne;0;0;0;7;12.6252;41.8274;-1;2;Autovettura privata;In marcia / fermata / arresto;Passeggero;F;Illeso;0;;Non accertato;Inesploso
4733228;6;01/01/2020 06:00:00;Strada Urbana;VIA ORAZIO PIEROZZI;da specificare;;;;ALT.CIV. 37;Veicolo in marcia contro veicoli in sosta;Rettilineo;Una carreggiata a senso unico di marcia;Asciutto;Asfaltata;Verticale;Sereno;Scarso;Sufficiente;Sufficiente;0;0;0;1;12.5504;41.8758;-1;1;Autovettura privata;In marcia / fermata / arresto;Conducente;F;Illeso;0;;Non accertato;Inesploso
4733228;6;01/01/2020 06:00:00;Strada Urbana;VIA ORAZIO PIEROZZI;da specificare;;;;ALT.CIV. 37;Veicolo in marcia contro veicoli in sosta;Rettilineo;Una carreggiata a senso unico di marcia;Asciutto;Asfaltata;Verticale;Sereno;Scarso;Sufficiente;Sufficiente;0;0;0;1;12.5504;41.8758;-1;2;Autovettura privata;Sosta;;;;;;;
4733228;6;01/01/2020 06:00:00;Strada Urbana;VIA ORAZIO PIEROZZI;da specificare;;;;ALT.CIV. 37;Veicolo in marcia contro veicoli in sosta;Rettilineo;Una carreggiata a senso unico di marcia;Asciutto;Asfaltata;Verticale;Sereno;Scarso;Sufficiente;Sufficiente;0;0;0;1;12.5504;41.8758;-1;3;Autovettura privata;Sosta;;;;;;;
4733228;6;01/01/2020 06:00:00;Strada Urbana;VIA ORAZIO PIEROZZI;da specificare;;;;ALT.CIV. 37;Veicolo in marcia contro veicoli in sosta;Rettilineo;Una carreggiata a senso unico di marcia;Asciutto;Asfaltata;Verticale;Sereno;Scarso;Sufficiente;Sufficiente;0;0;0;1;12.5504;41.8758;-1;4;Autovettura privata;Sosta;;;;;;;
4733231;13;01/01/2020 17:00:00;Strada Urbana;VIA GIULIO MINERVINI;in prossimit�;;del civico n.;196;;Veicolo in marcia contro veicolo in sosta;Rettilineo;Una carreggiata a doppio senso;Asciutto;Asfaltata;Assente;Sereno;Scarso;Buona;Sufficiente;0;0;0;0;12.31;41.7759;-1;1;Autovettura privata;Sosta;;;;;;;
4733231;13;01/01/2020 17:00:00;Strada Urbana;VIA GIULIO MINERVINI;in prossimit�;;del civico n.;196;;Veicolo in marcia contro veicolo in sosta;Rettilineo;Una carreggiata a doppio senso;Asciutto;Asfaltata;Assente;Sereno;Scarso;Buona;Sufficiente;0;0;0;0;12.31;41.7759;-1;2;Autovettura privata;Sosta;;;;;;;
4733233;19;01/01/2020 04:20:00;Strada Urbana;VIA DI CASAL DEL MARMO;in prossimit�;;del civico n.;48;;Scontro frontale fra veicoli in marcia;Curva senza visuale libera;Una carreggiata a doppio senso;Asciutto;Asfaltata;Verticale ed orizzontale;Sereno;Scarso;Sufficiente;Sufficiente;2;0;0;1;12.4106;41.9592;-1;1;Autovettura privata;In marcia / fermata / arresto;Conducente;M;Rimandato;0;NON DECEDUTO;;
4733233;19;01/01/2020 04:20:00;Strada Urbana;VIA DI CASAL DEL MARMO;in prossimit�;;del civico n.;48;;Scontro frontale fra veicoli in marcia;Curva senza visuale libera;Una carreggiata a doppio senso;Asciutto;Asfaltata;Verticale ed orizzontale;Sereno;Scarso;Sufficiente;Sufficiente;2;0;0;1;12.4106;41.9592;-1;1;Autovettura privata;In marcia / fermata / arresto;Passeggero;F;Rimandato;0;NON DECEDUTO;;
4733233;19;01/01/2020 04:20:00;Strada Urbana;VIA DI CASAL DEL MARMO;in prossimit�;;del civico n.;48;;Scontro frontale fra veicoli in marcia;Curva senza visuale libera;Una carreggiata a doppio senso;Asciutto;Asfaltata;Verticale ed orizzontale;Sereno;Scarso;Sufficiente;Sufficiente;2;0;0;1;12.4106;41.9592;-1;2;Autovettura privata;In marcia / fermata / arresto;Conducente;M;Illeso;0;;;
4733256;4;01/01/2020 08:10:00;Strada Urbana;VIALE ADRIATICO;in prossimit�;;del civico n.;173;;Veicolo in marcia contro ostacolo fisso;Rettilineo;Una carreggiata a doppio senso;Asciutto;Asfaltata;Verticale ed orizzontale;Sereno;Scarso;Buona;Ore Diurne;0;0;0;1;12.5372;41.9435;-1;1;Autovettura privata;In marcia / fermata / arresto;Conducente;M;Illeso;0;;Non accertato;
4733271;20;01/01/2020 02:40:00;Strada Urbana;VIA PIETRO MASCAGNI;in corrispondenza;;del civico n.;144;;Veicolo in marcia contro veicoli in sosta;Rettilineo;Una carreggiata a senso unico di marcia;Asciutto;Asfaltata;Assente;Sereno;Scarso;Buona;Sufficiente;0;0;0;0;12.5166;41.9384;-1;1;Autovettura privata;Sosta;;;;;;;
4733271;20;01/01/2020 02:40:00;Strada Urbana;VIA PIETRO MASCAGNI;in corrispondenza;;del civico n.;144;;Veicolo in marcia contro veicoli in sosta;Rettilineo;Una carreggiata a senso unico di marcia;Asciutto;Asfaltata;Assente;Sereno;Scarso;Buona;Sufficiente;0;0;0;0;12.5166;41.9384;-1;2;Autovettura privata;Sosta;;;;;;;
4733271;20;01/01/2020 02:40:00;Strada Urbana;VIA PIETRO MASCAGNI;in corrispondenza;;del civico n.;144;;Veicolo in marcia contro veicoli in sosta;Rettilineo;Una carreggiata a senso unico di marcia;Asciutto;Asfaltata;Assente;Sereno;Scarso;Buona;Sufficiente;0;0;0;0;12.5166;41.9384;-1;3;Autovettura privata;Sosta;;;;;;;
4733271;20;01/01/2020 02:40:00;Strada Urbana;VIA PIETRO MASCAGNI;in corrispondenza;;del civico n.;144;;Veicolo in marcia contro veicoli in sosta;Rettilineo;Una carreggiata a senso unico di marcia;Asciutto;Asfaltata;Assente;Sereno;Scarso;Buona;Sufficiente;0;0;0;0;12.5166;41.9384;-1;4;Autovettura privata;Allontanatosi;;;;;;;