Protocollo;Gruppo;DataOraIncidente;Localizzazione1;STRADA1;Localizzazione2;STRADA2;Strada02;Chilometrica;DaSpecificare;NaturaIncidente;particolaritastrade;TipoStrada;FondoStradale;Pavimentazione;Segnaletica;CondizioneAtmosferica;Traffico;Visibilita;Illuminazione;NUM_FERITI;NUM_RISERVATA;NUM_MORTI;NUM_ILLESI;Longitude;Latitude;Confermato;Progressivo;TipoVeicolo;StatoVeicolo;TipoPersona;Sesso;Tipolesione;Deceduto;DecedutoDopo;CinturaCascoUtilizzato;Airbag;
4733724;2;01/01/2020 21:30:00;Strada Urbana;VIA DI VILLA ADA;all'intersezione con;VIA LARIANA;VIA LARIANA;;;Scontro frontale/laterale SX fra veicoli in marcia;Incrocio;Due carreggiate;Asciutto;Asfaltata;Verticale;Sereno;Scarso;Insufficiente;Insufficiente;1;0;0;2;12.5052;41.9245;-1;2;Autovettura privata;In marcia / fermata / arresto;Conducente;M;Illeso;0;;;
4733724;2;01/01/2020 21:30:00;Strada Urbana;VIA DI VILLA ADA;all'intersezione con;VIA LARIANA;VIA LARIANA;;;Scontro frontale/laterale SX fra veicoli in marcia;Incrocio;Due carreggiate;Asciutto;Asfaltata;Verticale;Sereno;Scarso;Insufficiente;Insufficiente;1;0;0;2;12.5052;41.9245;-1;2;Autovettura privata;In marcia / fermata / arresto;Passeggero;F;Illeso;0;;;
4733727;3;01/01/2020 04:20:00;Strada Urbana;VIA NOMENTANA;da specificare;;;;fronte civico 351;Tamponamento Multiplo;Rettilineo;Una carreggiata a doppio senso;Asciutto;Asfaltata;Verticale ed orizzontale;Sereno;Scarso;Buona;Sufficiente;2;0;0;5;12.5728;41.9579;-1;1;Autovettura privata;In marcia / fermata / arresto;Conducente;F;Illeso;0;;Non accertato;Inesploso
4733727;3;01/01/2020 04:20:00;Strada Urbana;VIA NOMENTANA;da specificare;;;;fronte civico 351;Tamponamento Multiplo;Rettilineo;Una carreggiata a doppio senso;Asciutto;Asfaltata;Verticale ed orizzontale;Sereno;Scarso;Buona;Sufficiente;2;0;0;5;12.5728;41.9579;-1;1;Autovettura privata;In marcia / fermata / arresto;Passeggero;M;Illeso;0;;Non accertato;Inesploso
4733727;3;01/01/2020 04:20:00;Strada Urbana;VIA NOMENTANA;da specificare;;;;fronte civico 351;Tamponamento Multiplo;Rettilineo;Una carreggiata a doppio senso;Asciutto;Asfaltata;Verticale ed orizzontale;Sereno;Scarso;Buona;Sufficiente;2;0;0;5;12.5728;41.9579;-1;1;Autovettura privata;In marcia / fermata / arresto;Passeggero;M;Illeso;0;;Non accertato;Inesploso
4733727;3;01/01/2020 04:20:00;Strada Urbana;VIA NOMENTANA;da specificare;;;;fronte civico 351;Tamponamento Multiplo;Rettilineo;Una carreggiata a doppio senso;Asciutto;Asfaltata;Verticale ed orizzontale;Sereno;Scarso;Buona;Sufficiente;2;0;0;5;12.5728;41.9579;-1;1;Autovettura privata;In marcia / fermata / arresto;Passeggero;M;Illeso;0;;Non accertato;Inesploso
4733727;3;01/01/2020 04:20:00;Strada Urbana;VIA NOMENTANA;da specificare;;;;fronte civico 351;Tamponamento Multiplo;Rettilineo;Una carreggiata a doppio senso;Asciutto;Asfaltata;Verticale ed orizzontale;Sereno;Scarso;Buona;Sufficiente;2;0;0;5;12.5728;41.9579;-1;2;Autovettura privata;In marcia / fermata / arresto;Conducente;M;Rimandato;0;NON DECEDUTO;Non accertato;Inesploso
4733727;3;01/01/2020 04:20:00;Strada Urbana;VIA NOMENTANA;da specificare;;;;fronte civico 351;Tamponamento Multiplo;Rettilineo;Una carreggiata a doppio senso;Asciutto;Asfaltata;Verticale ed orizzontale;Sereno;Scarso;Buona;Sufficiente;2;0;0;5;12.5728;41.9579;-1;2;Autovettura privata;In marcia / fermata / arresto;Passeggero;M;Illeso;0;;Non accertato;Inesploso
4733727;3;01/01/2020 04:20:00;Strada Urbana;VIA NOMENTANA;da specificare;;;;fronte civico 351;Tamponamento Multiplo;Rettilineo;Una carreggiata a doppio senso;Asciutto;Asfaltata;Verticale ed orizzontale;Sereno;Scarso;Buona;Sufficiente;2;0;0;5;12.5728;41.9579;-1;3;Autovettura privata;In marcia / fermata / arresto;Conducente;F;Rimandato;0;NON DECEDUTO;Non accertato;Inesploso
4733745;2;01/01/2020 17:15:00;Strada Urbana;SOTTOVIA IGNAZIO GUIDI;da specificare;;;;prossimit� svincolo P.LE BRASILE;Tamponamento;Rettilineo;Una carreggiata a senso unico di marcia;Asciutto;Asfaltata;Verticale ed orizzontale;Sereno;Normale;Buona;Sufficiente;0;0;0;5;12.5014;41.9096;-1;1;Autovettura privata;In marcia / fermata / arresto;Conducente;M;Illeso;0;;Non accertato;Inesploso
4733745;2;01/01/2020 17:15:00;Strada Urbana;SOTTOVIA IGNAZIO GUIDI;da specificare;;;;prossimit� svincolo P.LE BRASILE;Tamponamento;Rettilineo;Una carreggiata a senso unico di marcia;Asciutto;Asfaltata;Verticale ed orizzontale;Sereno;Normale;Buona;Sufficiente;0;0;0;5;12.5014;41.9096;-1;1;Autovettura privata;In marcia / fermata / arresto;Passeggero;F;Illeso;0;;Non accertato;Inesploso
4733745;2;01/01/2020 17:15:00;Strada Urbana;SOTTOVIA IGNAZIO GUIDI;da specificare;;;;prossimit� svincolo P.LE BRASILE;Tamponamento;Rettilineo;Una carreggiata a senso unico di marcia;Asciutto;Asfaltata;Verticale ed orizzontale;Sereno;Normale;Buona;Sufficiente;0;0;0;5;12.5014;41.9096;-1;1;Autovettura privata;In marcia / fermata / arresto;Passeggero;F;Illeso;0;;Non accertato;Inesploso
4733745;2;01/01/2020 17:15:00;Strada Urbana;SOTTOVIA IGNAZIO GUIDI;da specificare;;;;prossimit� svincolo P.LE BRASILE;Tamponamento;Rettilineo;Una carreggiata a senso unico di marcia;Asciutto;Asfaltata;Verticale ed orizzontale;Sereno;Normale;Buona;Sufficiente;0;0;0;5;12.5014;41.9096;-1;2;Autovettura privata;In marcia / fermata / arresto;Conducente;M;Illeso;0;;Non accertato;Inesploso
4733745;2;01/01/2020 17:15:00;Strada Urbana;SOTTOVIA IGNAZIO GUIDI;da specificare;;;;prossimit� svincolo P.LE BRASILE;Tamponamento;Rettilineo;Una carreggiata a senso unico di marcia;Asciutto;Asfaltata;Verticale ed orizzontale;Sereno;Normale;Buona;Sufficiente;0;0;0;5;12.5014;41.9096;-1;2;Autovettura privata;In marcia / fermata / arresto;Passeggero;F;Illeso;0;;Non accertato;Inesploso
4733759;12;01/01/2020 17:00:00;Strada Urbana;VIALE CRISTOFORO COLOMBO;da specificare;;;;altezza v.le America dir. Roma Centro;Scontro laterale fra veicoli in marcia;Curva a visuale libera;Due carreggiate;Asciutto;Asfaltata;Verticale ed orizzontale;Sereno;Normale;Buona;Sufficiente;0;0;0;3;12.469;41.8295;-1;1;Autovettura privata;In marcia / fermata / arresto;Conducente;F;Illeso;0;;Non accertato;
4733759;12;01/01/2020 17:00:00;Strada Urbana;VIALE CRISTOFORO COLOMBO;da specificare;;;;altezza v.le America dir. Roma Centro;Scontro laterale fra veicoli in marcia;Curva a visuale libera;Due carreggiate;Asciutto;Asfaltata;Verticale ed orizzontale;Sereno;Normale;Buona;Sufficiente;0;0;0;3;12.469;41.8295;-1;2;Autovettura privata;In marcia / fermata / arresto;Conducente;M;Illeso;0;;Non accertato;
4733759;12;01/01/2020 17:00:00;Strada Urbana;VIALE CRISTOFORO COLOMBO;da specificare;;;;altezza v.le America dir. Roma Centro;Scontro laterale fra veicoli in marcia;Curva a visuale libera;Due carreggiate;Asciutto;Asfaltata;Verticale ed orizzontale;Sereno;Normale;Buona;Sufficiente;0;0;0;3;12.469;41.8295;-1;2;Autovettura privata;In marcia / fermata / arresto;Passeggero;F;Illeso;0;;Non accertato;
4733770;18;02/01/2020 10:10:00;Strada Urbana;PIAZZA DEI GIURECONSULTI;all'intersezione con;VIA DI BOCCEA;VIA DI BOCCEA;;;Scontro laterale fra veicoli in marcia;Intersezione semaforizzata;Due carreggiate;Asciutto;Asfaltata;Verticale ed orizzontale;Sereno;Normale;Buona;Ore Diurne;1;0;0;1;12.4257;41.9019;-1;1;Autovettura privata;In marcia / fermata / arresto;Conducente;M;Illeso;0;;Non accertato;Inesploso
4733770;18;02/01/2020 10:10:00;Strada Urbana;PIAZZA DEI GIURECONSULTI;all'intersezione con;VIA DI BOCCEA;VIA DI BOCCEA;;;Scontro laterale fra veicoli in marcia;Intersezione semaforizzata;Due carreggiate;Asciutto;Asfaltata;Verticale ed orizzontale;Sereno;Normale;Buona;Ore Diurne;1;0;0;1;12.4257;41.9019;-1;2;Velocipede;In marcia / fermata / arresto;Conducente;M;Rimandato;0;NON DECEDUTO;Esente;
4733793;23;02/01/2020 02:00:00;Strada Urbana;VIA GIOVANNI VITELLESCHI;all'intersezione con;VIA DEI BASTIONI;VIA DEI BASTIONI;;;Scontro laterale fra veicoli in marcia;Incrocio;Una carreggiata a senso unico di marcia;Asciutto;Asfaltata;Verticale ed orizzontale;Sereno;Scarso;Buona;Sufficiente;0;0;0;7;12.462;41.9046;-1;1;Autovettura pubblica;In marcia / fermata / arresto;Conducente;M;Illeso;0;;;
4733793;23;02/01/2020 02:00:00;Strada Urbana;VIA GIOVANNI VITELLESCHI;all'intersezione con;VIA DEI BASTIONI;VIA DEI BASTIONI;;;Scontro laterale fra veicoli in marcia;Incrocio;Una carreggiata a senso unico di marcia;Asciutto;Asfaltata;Verticale ed orizzontale;Sereno;Scarso;Buona;Sufficiente;0;0;0;7;12.462;41.9046;-1;2;Autovettura pubblica;In marcia / fermata / arresto;Conducente;M;Illeso;0;;;
4733793;23;02/01/2020 02:00:00;Strada Urbana;VIA GIOVANNI VITELLESCHI;all'intersezione con;VIA DEI BASTIONI;VIA DEI BASTIONI;;;Scontro laterale fra veicoli in marcia;Incrocio;Una carreggiata a senso unico di marcia;Asciutto;Asfaltata;Verticale ed orizzontale;Sereno;Scarso;Buona;Sufficiente;0;0;0;7;12.462;41.9046;-1;2;Autovettura pubblica;In marcia / fermata / arresto;Passeggero;M;Illeso;0;;;
4733793;23;02/01/2020 02:00:00;Strada Urbana;VIA GIOVANNI VITELLESCHI;all'intersezione con;VIA DEI BASTIONI;VIA DEI BASTIONI;;;Scontro laterale fra veicoli in marcia;Incrocio;Una carreggiata a senso unico di marcia;Asciutto;Asfaltata;Verticale ed orizzontale;Sereno;Scarso;Buona;Sufficiente;0;0;0;7;12.462;41.9046;-1;2;Autovettura pubblica;In marcia / fermata / arresto;Passeggero;F;Illeso;0;;;
4733793;23;02/01/2020 02:00:00;Strada Urbana;VIA GIOVANNI VITELLESCHI;all'intersezione con;VIA DEI BASTIONI;VIA DEI BASTIONI;;;Scontro laterale fra veicoli in marcia;Incrocio;Una carreggiata a senso unico di marcia;Asciutto;Asfaltata;Verticale ed orizzontale;Sereno;Scarso;Buona;Sufficiente;0;0;0;7;12.462;41.9046;-1;2;Autovettura pubblica;In marcia / fermata / arresto;Passeggero;F;Illeso;0;;;
4733802;13;02/01/2020 13:20:00;Strada Urbana;VIA PADRE MASSARUTI;all'intersezione con;VIA VALERIANO COBBE;VIA VALERIANO COBBE;;;Scontro laterale fra veicoli in marcia;Incrocio;Due carreggiate;Asciutto;Asfaltata;Assente;Sereno;Normale;Buona;Ore Diurne;0;0;0;4;12.3512;41.7675;-1;1;Autovettura privata;In marcia / fermata / arresto;Conducente;F;Illeso;0;;Non accertato;
4733802;13;02/01/2020 13:20:00;Strada Urbana;VIA PADRE MASSARUTI;all'intersezione con;VIA VALERIANO COBBE;VIA VALERIANO COBBE;;;Scontro laterale fra veicoli in marcia;Incrocio;Due carreggiate;Asciutto;Asfaltata;Assente;Sereno;Normale;Buona;Ore Diurne;0;0;0;4;12.3512;41.7675;-1;2;Autovettura privata;In marcia / fermata / arresto;Conducente;F;Illeso;0;;Non accertato;Inesploso
4733802;13;02/01/2020 13:20:00;Strada Urbana;VIA PADRE MASSARUTI;all'intersezione con;VIA VALERIANO COBBE;VIA VALERIANO COBBE;;;Scontro laterale fra veicoli in marcia;Incrocio;Due carreggiate;Asciutto;Asfaltata;Assente;Sereno;Normale;Buona;Ore Diurne;0;0;0;4;12.3512;41.7675;-1;2;Autovettura privata;In marcia / fermata / arresto;Passeggero;F;Illeso;0;;Non accertato;Inesistente
4733802;13;02/01/2020 13:20:00;Strada Urbana;VIA PADRE MASSARUTI;all'intersezione con;VIA VALERIANO COBBE;VIA VALERIANO COBBE;;;Scontro laterale fra veicoli in marcia;Incrocio;Due carreggiate;Asciutto;Asfaltata;Assente;Sereno;Normale;Buona;Ore Diurne;0;0;0;4;12.3512;41.7675;-1;2;Autovettura privata;In marcia / fermata / arresto;Passeggero;M;Illeso;0;;Non accertato;Inesploso
4733823;18;02/01/2020 11:00:00;Strada Urbana;VIA DOMENICO TARDINI;in corrispondenza;;del civico n.;297;;Tamponamento;Rettilineo;Una carreggiata a senso unico di marcia;Asciutto;Asfaltata;Verticale ed orizzontale;Sereno;Normale;Buona;Ore Diurne;0;0;0;2;12.4255;41.9037;-1;1;Autovettura privata;In marcia / fermata / arresto;Conducente;F;Illeso;0;;Non accertato;Inesploso
4733823;18;02/01/2020 11:00:00;Strada Urbana;VIA DOMENICO TARDINI;in corrispondenza;;del civico n.;297;;Tamponamento;Rettilineo;Una carreggiata a senso unico di marcia;Asciutto;Asfaltata;Verticale ed orizzontale;Sereno;Normale;Buona;Ore Diurne;0;0;0;2;12.4255;41.9037;-1;1;Autovettura privata;In marcia / fermata / arresto;Passeggero;M;Illeso;0;;Non accertato;Inesploso
4733901;12;02/01/2020 01:45:00;Provinciale;VIA DELLA STAZIONE DI PAVONA;da specificare;;;;KM 6.100;Veicolo in marcia contro ostacolo accidentale;Rettilineo;Una carreggiata a doppio senso;Asciutto;Con buche;Verticale;Sereno;Scarso;Buona;Insufficiente;0;0;0;1;12.5861;41.7171;-1;1;Autovettura privata;In marcia / fermata / arresto;Conducente;M;Illeso;0;;Utilizzato;Inesploso
4734002;15;02/01/2020 14:00:00;Strada Urbana;VICOLO DI PAPA LEONE;all'intersezione con;VIALE ISACCO NEWTON;VIALE ISACCO NEWTON;;;Infortunio per sola frenata improvvisa;Incrocio;Una carreggiata a doppio senso;Asciutto;Asfaltata;Verticale ed orizzontale;Sereno;Normale;Buona;Ore Diurne;1;0;0;0;12.4447;41.8434;-1;1;Motociclo a solo;In marcia / fermata / arresto;Conducente;F;Rimandato;0;NON DECEDUTO;Non accertato;
4734013;15;02/01/2020 09:10:00;Strada Urbana;VIA FOIANO DELLA CHIANA;da specificare;;;;fronte civico 19;Investimento di pedone;Rettilineo;Una carreggiata a senso unico di marcia;Asciutto;Asfaltata;Verticale ed orizzontale;Sereno;Scarso;Buona;Ore Diurne;1;0;0;1;12.4594;41.8436;-1;;;;Pedone;M;Rimandato;0;NON DECEDUTO;;
4734013;15;02/01/2020 09:10:00;Strada Urbana;VIA FOIANO DELLA CHIANA;da specificare;;;;fronte civico 19;Investimento di pedone;Rettilineo;Una carreggiata a senso unico di marcia;Asciutto;Asfaltata;Verticale ed orizzontale;Sereno;Scarso;Buona;Ore Diurne;1;0;0;1;12.4594;41.8436;-1;1;Autovettura privata;In marcia / fermata / arresto;Conducente;M;Illeso;0;;Non accertato;Inesploso
4734029;15;02/01/2020 07:30:00;Strada Urbana;VIA DI MONTE CUCCO;da specificare;;;;fronte civ. 131;Veicolo in marcia contro ostacolo fisso;Cavalcavia;Una carreggiata a doppio senso;Ghiacciato;Asfaltata;Verticale ed orizzontale;Sereno;Scarso;Buona;Ore Diurne;1;0;0;0;12.439;41.8435;-1;1;Motociclo a solo;In marcia / fermata / arresto;Conducente;F;Rimandato;0;NON DECEDUTO;Non accertato;
4734293;8;02/01/2020 18:00:00;Strada Urbana;VIA PRENESTINA;in prossimit�;;del civico n.;1182;;Scontro laterale fra veicoli in marcia;Rettilineo;Una carreggiata a doppio senso;Asciutto;Asfaltata;Assente;Sereno;Normale;Buona;Sufficiente;1;0;0;2;12.6235;41.8925;-1;1;Motociclo a solo;In marcia / fermata / arresto;Conducente;M;Rimandato;0;NON DECEDUTO;;
4734293;8;02/01/2020 18:00:00;Strada Urbana;VIA PRENESTINA;in prossimit�;;del civico n.;1182;;Scontro laterale fra veicoli in marcia;Rettilineo;Una carreggiata a doppio senso;Asciutto;Asfaltata;Assente;Sereno;Normale;Buona;Sufficiente;1;0;0;2;12.6235;41.8925;-1;2;Autovettura privata;In marcia / fermata / arresto;Conducente;M;Illeso;0;;;
4734293;8;02/01/2020 18:00:00;Strada Urbana;VIA PRENESTINA;in prossimit�;;del civico n.;1182;;Scontro laterale fra veicoli in marcia;Rettilineo;Una carreggiata a doppio senso;Asciutto;Asfaltata;Assente;Sereno;Normale;Buona;Sufficiente;1;0;0;2;12.6235;41.8925;-1;2;Autovettura privata;In marcia / fermata / arresto;Passeggero;F;Illeso;0;;Non accertato;
4734294;8;02/01/2020 18:50:00;Strada Urbana;VIALE DUILIO CAMBELLOTTI;da specificare;;;;dopo Galleria Stazione Metro Torrenova;Veicolo in marcia contro ostacolo accidentale;Pendenza;Una carreggiata a senso unico di marcia;Asciutto;Asfaltata;Verticale ed orizzontale;Sereno;Normale;Buona;Sufficiente;0;0;0;3;12.6297;41.8674;-1;1;Autovettura privata;In marcia / fermata / arresto;Conducente;M;Illeso;0;;;
4734294;8;02/01/2020 18:50:00;Strada Urbana;VIALE DUILIO CAMBELLOTTI;da specificare;;;;dopo Galleria Stazione Metro Torrenova;Veicolo in marcia contro ostacolo accidentale;Pendenza;Una carreggiata a senso unico di marcia;Asciutto;Asfaltata;Verticale ed orizzontale;Sereno;Normale;Buona;Sufficiente;0;0;0;3;12.6297;41.8674;-1;1;Autovettura privata;In marcia / fermata / arresto;Passeggero;F;Illeso;0;;;
4734294;8;02/01/2020 18:50:00;Strada Urbana;VIALE DUILIO CAMBELLOTTI;da specificare;;;;dopo Galleria Stazione Metro Torrenova;Veicolo in marcia contro ostacolo accidentale;Pendenza;Una carreggiata a senso unico di marcia;Asciutto;Asfaltata;Verticale ed orizzontale;Sereno;Normale;Buona;Sufficiente;0;0;0;3;12.6297;41.8674;-1;1;Autovettura privata;In marcia / fermata / arresto;Passeggero;M;Illeso;0;;;
4734299;8;02/01/2020 18:51:00;Strada Urbana;VIALE DUILIO CAMBELLOTTI;da specificare;;;;dir. Oxford uscita Via Casilina;Veicolo in marcia contro ostacolo accidentale;Rettilineo;Due carreggiate;Asciutto;Asfaltata;Verticale ed orizzontale;Sereno;Normale;Buona;Sufficiente;0;0;0;1;12.6297;41.8674;-1;1;Autovettura privata;In marcia / fermata / arresto;Conducente;M;Illeso;0;;;
4734302;11;02/01/2020 20:00:00;Strada Urbana;VIALE ERMINIO SPALLA;da specificare;;;;fronte civico 53;Veicolo in marcia contro veicoli in sosta;Rettilineo;Due carreggiate;Asciutto;Asfaltata;Verticale ed orizzontale;Sereno;Scarso;Buona;Ore Diurne;0;0;0;0;12.5116;41.8323;-1;1;Autovettura privata;Sosta;;;;;;;
4734302;11;02/01/2020 20:00:00;Strada Urbana;VIALE ERMINIO SPALLA;da specificare;;;;fronte civico 53;Veicolo in marcia contro veicoli in sosta;Rettilineo;Due carreggiate;Asciutto;Asfaltata;Verticale ed orizzontale;Sereno;Scarso;Buona;Ore Diurne;0;0;0;0;12.5116;41.8323;-1;2;Autovettura privata;Sosta;;;;;;;
4734302;11;02/01/2020 20:00:00;Strada Urbana;VIALE ERMINIO SPALLA;da specificare;;;;fronte civico 53;Veicolo in marcia contro veicoli in sosta;Rettilineo;Due carreggiate;Asciutto;Asfaltata;Verticale ed orizzontale;Sereno;Scarso;Buona;Ore Diurne;0;0;0;0;12.5116;41.8323;-1;3;Autovettura privata;Allontanatosi;;;;;;;
4734304;7;02/01/2020 11:45:00;Strada Urbana;VIA PRENESTINA;all'intersezione con;VIA DI TOR SAPIENZA;VIA DI TOR SAPIENZA;;;Scontro frontale/laterale SX fra veicoli in marcia;Incrocio;Una carreggiata a doppio senso;Asciutto;Asfaltata;Verticale ed orizzontale;Sereno;Normale;Buona;Ore Diurne;0;0;0;2;12.5924;41.8941;-1;1;Autovettura privata;In marcia / fermata / arresto;Conducente;M;Illeso;0;;;
4734304;7;02/01/2020 11:45:00;Strada Urbana;VIA PRENESTINA;all'intersezione con;VIA DI TOR SAPIENZA;VIA DI TOR SAPIENZA;;;Scontro frontale/laterale SX fra veicoli in marcia;Incrocio;Una carreggiata a doppio senso;Asciutto;Asfaltata;Verticale ed orizzontale;Sereno;Normale;Buona;Ore Diurne;0;0;0;2;12.5924;41.8941;-1;2;Autovettura privata;In marcia / fermata / arresto;Conducente;M;Illeso;0;;;
4734314;15;02/01/2020 12:00:00;Strada Urbana;VIA DELLA MAGLIANA;da specificare;;;;prox. civ. 313 (curva per Viadotto della Magliana);Tamponamento;Curva a visuale libera;Una carreggiata a senso unico di marcia;Asciutto;Asfaltata;Verticale ed orizzontale;Sereno;Normale;Buona;Ore Diurne;0;0;0;4;12.4196;41.8317;-1;1;Autovettura privata;In marcia / fermata / arresto;Conducente;F;Illeso;0;;Non accertato;Inesploso
4734314;15;02/01/2020 12:00:00;Strada Urbana;VIA DELLA MAGLIANA;da specificare;;;;prox. civ. 313 (curva per Viadotto della Magliana);Tamponamento;Curva a visuale libera;Una carreggiata a senso unico di marcia;Asciutto;Asfaltata;Verticale ed orizzontale;Sereno;Normale;Buona;Ore Diurne;0;0;0;4;12.4196;41.8317;-1;1;Autovettura privata;In marcia / fermata / arresto;Passeggero;F;Illeso;0;;Non accertato;Inesploso
4734314;15;02/01/2020 12:00:00;Strada Urbana;VIA DELLA MAGLIANA;da specificare;;;;prox. civ. 313 (curva per Viadotto della Magliana);Tamponamento;Curva a visuale libera;Una carreggiata a senso unico di marcia;Asciutto;Asfaltata;Verticale ed orizzontale;Sereno;Normale;Buona;Ore Diurne;0;0;0;4;12.4196;41.8317;-1;2;Autocarro inferiore 35 q.;In marcia / fermata / arresto;Conducente;M;Illeso;0;;Non accertato;Inesploso
4734314;15;02/01/2020 12:00:00;Strada Urbana;VIA DELLA MAGLIANA;da specificare;;;;prox. civ. 313 (curva per Viadotto della Magliana);Tamponamento;Curva a visuale libera;Una carreggiata a senso unico di marcia;Asciutto;Asfaltata;Verticale ed orizzontale;Sereno;Normale;Buona;Ore Diurne;0;0;0;4;12.4196;41.8317;-1;2;Autocarro inferiore 35 q.;In marcia / fermata / arresto;Passeggero;M;Illeso;0;;Non utilizzato;Inesploso
4734316;20;02/01/2020 22:40:00;Strada Urbana;VIA FLAMINIA;da specificare;;;;prossimit� fronte stazione "Saxa Rubra";Veicolo in marcia contro ostacolo accidentale;Rettilineo;Due carreggiate;Asciutto;Asfaltata;Orizzontale;Sereno;Scarso;Buona;Sufficiente;0;0;0;2;12.4718;41.9419;-1;1;Autovettura privata;In marcia / fermata / arresto;Conducente;M;Illeso;0;;Non accertato;Inesploso
4734316;20;02/01/2020 22:40:00;Strada Urbana;VIA FLAMINIA;da specificare;;;;prossimit� fronte stazione "Saxa Rubra";Veicolo in marcia contro ostacolo accidentale;Rettilineo;Due carreggiate;Asciutto;Asfaltata;Orizzontale;Sereno;Scarso;Buona;Sufficiente;0;0;0;2;12.4718;41.9419;-1;1;Autovettura privata;In marcia / fermata / arresto;Passeggero;M;Illeso;0;;Non accertato;Inesploso
4734330;20;02/01/2020 09:15:00;Strada Urbana;VIA DI VALLE MURICANA;in prossimit�;;del civico n.;527;;Scontro laterale fra veicoli in marcia;Rettilineo;Una carreggiata a doppio senso;Asciutto;Asfaltata;Orizzontale;Sereno;Normale;Buona;Ore Diurne;0;0;0;2;12.4674;42.0281;-1;1;Autovettura privata;In marcia / fermata / arresto;Conducente;F;Illeso;0;;Non accertato;Inesploso
4734330;20;02/01/2020 09:15:00;Strada Urbana;VIA DI VALLE MURICANA;in prossimit�;;del civico n.;527;;Scontro laterale fra veicoli in marcia;Rettilineo;Una carreggiata a doppio senso;Asciutto;Asfaltata;Orizzontale;Sereno;Normale;Buona;Ore Diurne;0;0;0;2;12.4674;42.0281;-1;1;Autovettura privata;In marcia / fermata / arresto;Passeggero;F;Illeso;0;;Non accertato;Inesploso
4734330;20;02/01/2020 09:15:00;Strada Urbana;VIA DI VALLE MURICANA;in prossimit�;;del civico n.;527;;Scontro laterale fra veicoli in marcia;Rettilineo;Una carreggiata a doppio senso;Asciutto;Asfaltata;Orizzontale;Sereno;Normale;Buona;Ore Diurne;0;0;0;2;12.4674;42.0281;-1;2;Autovettura privata;In marcia / fermata / arresto;;;;;;;
4734344;20;02/01/2020 10:20:00;Strada Urbana;VIA DELLA STAZIONE DI CESANO;in prossimit�;;del civico n.;440;;Investimento di pedone;Rettilineo;Una carreggiata a doppio senso;Asciutto;Asfaltata;Orizzontale;Sereno;Normale;Buona;Ore Diurne;1;0;0;1;12.3333;42.0691;-1;;;;Pedone;F;Rimandato;0;NON DECEDUTO;;
4734344;20;02/01/2020 10:20:00;Strada Urbana;VIA DELLA STAZIONE DI CESANO;in prossimit�;;del civico n.;440;;Investimento di pedone;Rettilineo;Una carreggiata a doppio senso;Asciutto;Asfaltata;Orizzontale;Sereno;Normale;Buona;Ore Diurne;1;0;0;1;12.3333;42.0691;-1;1;Autovettura privata;In marcia / fermata / arresto;Conducente;M;Illeso;0;;Non accertato;Inesploso
4734345;9;02/01/2020 23:25:00;Strada Urbana;VIALE MARCO FULVIO NOBILIORE;da specificare;;;;fronte VIA G. SAVIOLI;Scontro frontale/laterale DX fra veicoli in marcia;Rettilineo;Due carreggiate;Asciutto;Asfaltata;Verticale ed orizzontale;Nuvoloso;Scarso;Sufficiente;Sufficiente;2;0;0;2;12.565;41.8595;-1;1;Autovettura privata;In marcia / fermata / arresto;Conducente;M;Rimandato;0;NON DECEDUTO;Non accertato;Inesploso
4734345;9;02/01/2020 23:25:00;Strada Urbana;VIALE MARCO FULVIO NOBILIORE;da specificare;;;;fronte VIA G. SAVIOLI;Scontro frontale/laterale DX fra veicoli in marcia;Rettilineo;Due carreggiate;Asciutto;Asfaltata;Verticale ed orizzontale;Nuvoloso;Scarso;Sufficiente;Sufficiente;2;0;0;2;12.565;41.8595;-1;1;Autovettura privata;In marcia / fermata / arresto;Passeggero;M;Rimandato;0;NON DECEDUTO;Non accertato;Inesploso
4734345;9;02/01/2020 23:25:00;Strada Urbana;VIALE MARCO FULVIO NOBILIORE;da specificare;;;;fronte VIA G. SAVIOLI;Scontro frontale/laterale DX fra veicoli in marcia;Rettilineo;Due carreggiate;Asciutto;Asfaltata;Verticale ed orizzontale;Nuvoloso;Scarso;Sufficiente;Sufficiente;2;0;0;2;12.565;41.8595;-1;2;Autovettura privata;In marcia / fermata / arresto;Conducente;M;Illeso;0;;Non accertato;Inesploso
4734345;9;02/01/2020 23:25:00;Strada Urbana;VIALE MARCO FULVIO NOBILIORE;da specificare;;;;fronte VIA G. SAVIOLI;Scontro frontale/laterale DX fra veicoli in marcia;Rettilineo;Due carreggiate;Asciutto;Asfaltata;Verticale ed orizzontale;Nuvoloso;Scarso;Sufficiente;Sufficiente;2;0;0;2;12.565;41.8595;-1;2;Autovettura privata;In marcia / fermata / arresto;Passeggero;M;Illeso;0;;Non accertato;Inesploso