Protocollo;Gruppo;DataOraIncidente;Localizzazione1;STRADA1;Localizzazione2;STRADA2;Strada02;Chilometrica;DaSpecificare;NaturaIncidente;particolaritastrade;TipoStrada;FondoStradale;Pavimentazione;Segnaletica;CondizioneAtmosferica;Traffico;Visibilita;Illuminazione;NUM_FERITI;NUM_RISERVATA;NUM_MORTI;NUM_ILLESI;Longitude;Latitude;Confermato;Progressivo;TipoVeicolo;StatoVeicolo;TipoPersona;Sesso;Tipolesione;Deceduto;DecedutoDopo;CinturaCascoUtilizzato;Airbag;
4747419;20;12/01/2020 00:05:00;Regionale entro l'abitato;VIA CASSIA NUOVA;da specificare;;;;prossimit� via Oriolo Romano;Tamponamento Multiplo;Rettilineo;Una carreggiata a doppio senso;Asciutto;Asfaltata;Verticale ed orizzontale;Sereno;Scarso;Buona;Sufficiente;0;0;0;5;12.4575;41.9574;-1;2;Autovettura privata;In marcia / fermata / arresto;Conducente;M;Illeso;0;;Non accertato;Inesploso
4747419;20;12/01/2020 00:05:00;Regionale entro l'abitato;VIA CASSIA NUOVA;da specificare;;;;prossimit� via Oriolo Romano;Tamponamento Multiplo;Rettilineo;Una carreggiata a doppio senso;Asciutto;Asfaltata;Verticale ed orizzontale;Sereno;Scarso;Buona;Sufficiente;0;0;0;5;12.4575;41.9574;-1;2;Autovettura privata;In marcia / fermata / arresto;Passeggero;F;Illeso;0;;Non accertato;Inesistente
4747419;20;12/01/2020 00:05:00;Regionale entro l'abitato;VIA CASSIA NUOVA;da specificare;;;;prossimit� via Oriolo Romano;Tamponamento Multiplo;Rettilineo;Una carreggiata a doppio senso;Asciutto;Asfaltata;Verticale ed orizzontale;Sereno;Scarso;Buona;Sufficiente;0;0;0;5;12.4575;41.9574;-1;3;Autovettura privata;In marcia / fermata / arresto;Conducente;M;Illeso;0;;Non accertato;Inesploso
4747426;2;11/01/2020 14:00:00;Strada Urbana;VIA DI VILLA ADA;all'intersezione con;VIA SALARIA;VIA SALARIA;;;Scontro frontale/laterale SX fra veicoli in marcia;Incrocio;Una carreggiata a doppio senso;Asciutto;Asfaltata;Verticale ed orizzontale;Sereno;Scarso;Buona;Ore Diurne;0;0;0;2;12.5043;41.9251;-1;1;Autovettura privata;In marcia / fermata / arresto;Conducente;F;Illeso;0;;;
4747426;2;11/01/2020 14:00:00;Strada Urbana;VIA DI VILLA ADA;all'intersezione con;VIA SALARIA;VIA SALARIA;;;Scontro frontale/laterale SX fra veicoli in marcia;Incrocio;Una carreggiata a doppio senso;Asciutto;Asfaltata;Verticale ed orizzontale;Sereno;Scarso;Buona;Ore Diurne;0;0;0;2;12.5043;41.9251;-1;1;Autovettura privata;In marcia / fermata / arresto;Passeggero;F;Illeso;0;;;
4747426;2;11/01/2020 14:00:00;Strada Urbana;VIA DI VILLA ADA;all'intersezione con;VIA SALARIA;VIA SALARIA;;;Scontro frontale/laterale SX fra veicoli in marcia;Incrocio;Una carreggiata a doppio senso;Asciutto;Asfaltata;Verticale ed orizzontale;Sereno;Scarso;Buona;Ore Diurne;0;0;0;2;12.5043;41.9251;-1;2;Motociclo a solo;In marcia / fermata / arresto;;;;;;;
4747434;20;11/01/2020 12:00:00;Strada Urbana;VIA BEVAGNA;da specificare;;;;fronte civico 18;Veicolo in marcia contro veicoli in sosta;Rettilineo;Una carreggiata a senso unico di marcia;Asciutto;Asfaltata;Orizzontale;Sereno;Scarso;Buona;Ore Diurne;0;0;0;0;12.4741;41.9432;-1;1;Motociclo a solo;Sosta;;;;;;;
4747434;20;11/01/2020 12:00:00;Strada Urbana;VIA BEVAGNA;da specificare;;;;fronte civico 18;Veicolo in marcia contro veicoli in sosta;Rettilineo;Una carreggiata a senso unico di marcia;Asciutto;Asfaltata;Orizzontale;Sereno;Scarso;Buona;Ore Diurne;0;0;0;0;12.4741;41.9432;-1;2;Motociclo a solo;Sosta;;;;;;;
4747434;20;11/01/2020 12:00:00;Strada Urbana;VIA BEVAGNA;da specificare;;;;fronte civico 18;Veicolo in marcia contro veicoli in sosta;Rettilineo;Una carreggiata a senso unico di marcia;Asciutto;Asfaltata;Orizzontale;Sereno;Scarso;Buona;Ore Diurne;0;0;0;0;12.4741;41.9432;-1;3;Autovettura privata;Allontanatosi;;;;;;;
4747437;20;11/01/2020 14:00:00;Regionale;VIA CASSIA;in prossimit�;;del civico n.;2070;;Tamponamento Multiplo;Rettilineo;Una carreggiata a doppio senso;Asciutto;Asfaltata;Orizzontale;Sereno;Normale;Buona;Ore Diurne;0;0;0;3;12.3768;42.0392;-1;1;Autovettura privata;In marcia / fermata / arresto;Conducente;F;Illeso;0;;Non accertato;Inesploso
4747437;20;11/01/2020 14:00:00;Regionale;VIA CASSIA;in prossimit�;;del civico n.;2070;;Tamponamento Multiplo;Rettilineo;Una carreggiata a doppio senso;Asciutto;Asfaltata;Orizzontale;Sereno;Normale;Buona;Ore Diurne;0;0;0;3;12.3768;42.0392;-1;2;Autovettura privata;In marcia / fermata / arresto;Conducente;F;Illeso;0;;Non accertato;Inesploso
4747437;20;11/01/2020 14:00:00;Regionale;VIA CASSIA;in prossimit�;;del civico n.;2070;;Tamponamento Multiplo;Rettilineo;Una carreggiata a doppio senso;Asciutto;Asfaltata;Orizzontale;Sereno;Normale;Buona;Ore Diurne;0;0;0;3;12.3768;42.0392;-1;3;Autocarro inferiore 35 q.;In marcia / fermata / arresto;Conducente;M;Illeso;0;;Non accertato;Inesploso
4747458;20;11/01/2020 17:00:00;Regionale entro l'abitato;VIA CASSIA;da specificare;;;;Altezza via Gradoli;Scontro frontale/laterale DX fra veicoli in marcia;Rettilineo;Una carreggiata a doppio senso;Asciutto;Asfaltata;Verticale ed orizzontale;Sereno;Normale;Buona;Sufficiente;0;0;0;2;12.4375;41.9688;-1;1;Autovettura privata;In marcia / fermata / arresto;Conducente;M;Illeso;0;;Non accertato;Inesploso
4747458;20;11/01/2020 17:00:00;Regionale entro l'abitato;VIA CASSIA;da specificare;;;;Altezza via Gradoli;Scontro frontale/laterale DX fra veicoli in marcia;Rettilineo;Una carreggiata a doppio senso;Asciutto;Asfaltata;Verticale ed orizzontale;Sereno;Normale;Buona;Sufficiente;0;0;0;2;12.4375;41.9688;-1;2;Motociclo a solo;In marcia / fermata / arresto;Conducente;M;Illeso;0;;Non accertato;
4747461;20;11/01/2020 20:10:00;Strada Urbana;VIA DEI DUE PONTI;all'intersezione con;VIA ORIOLO ROMANO;VIA ORIOLO ROMANO;;;Scontro frontale/laterale SX fra veicoli in marcia;Incrocio;Una carreggiata a doppio senso;Bagnato (umidit� in atto);Asfaltata;Verticale ed orizzontale;Sereno;Normale;Buona;Sufficiente;0;0;0;2;12.461;41.9662;-1;1;Autovettura privata;In marcia / fermata / arresto;Conducente;M;Illeso;0;;Non accertato;Inesploso
4747461;20;11/01/2020 20:10:00;Strada Urbana;VIA DEI DUE PONTI;all'intersezione con;VIA ORIOLO ROMANO;VIA ORIOLO ROMANO;;;Scontro frontale/laterale SX fra veicoli in marcia;Incrocio;Una carreggiata a doppio senso;Bagnato (umidit� in atto);Asfaltata;Verticale ed orizzontale;Sereno;Normale;Buona;Sufficiente;0;0;0;2;12.461;41.9662;-1;2;Autovettura privata;In marcia / fermata / arresto;Conducente;F;Illeso;0;;Non accertato;Esploso
4747463;20;11/01/2020 15:35:00;Provinciale;VIA CASSIA;in prossimit�;;del civico n.;2069;;Scontro frontale/laterale SX fra veicoli in marcia;Rettilineo;Una carreggiata a doppio senso;Asciutto;Asfaltata;Orizzontale;Sereno;Normale;Buona;Ore Diurne;0;0;0;2;12.3768;42.0392;-1;1;Quadriciclo;In marcia / fermata / arresto;Conducente;M;Illeso;0;;Non accertato;Inesploso
4747463;20;11/01/2020 15:35:00;Provinciale;VIA CASSIA;in prossimit�;;del civico n.;2069;;Scontro frontale/laterale SX fra veicoli in marcia;Rettilineo;Una carreggiata a doppio senso;Asciutto;Asfaltata;Orizzontale;Sereno;Normale;Buona;Ore Diurne;0;0;0;2;12.3768;42.0392;-1;2;Motociclo a solo;In marcia / fermata / arresto;Conducente;M;Illeso;0;;Non accertato;
4747465;15;11/01/2020 15:25:00;Strada Urbana;VIA ANSELMO CIAPPI;da specificare;;;;prossimit� fronte civico 14/C;Veicolo in marcia contro veicolo in sosta;Rettilineo;Una carreggiata a doppio senso;Asciutto;Asfaltata;Assente;Sereno;Scarso;Buona;Ore Diurne;0;0;0;1;12.4561;41.8607;-1;1;Autovettura privata;Sosta;;;;;;;
4747465;15;11/01/2020 15:25:00;Strada Urbana;VIA ANSELMO CIAPPI;da specificare;;;;prossimit� fronte civico 14/C;Veicolo in marcia contro veicolo in sosta;Rettilineo;Una carreggiata a doppio senso;Asciutto;Asfaltata;Assente;Sereno;Scarso;Buona;Ore Diurne;0;0;0;1;12.4561;41.8607;-1;2;Autovettura privata;In marcia / fermata / arresto;Conducente;F;Illeso;0;;Non accertato;Inesploso
4747466;10;11/01/2020 12:25:00;Strada Urbana;VIALE BRUNO RIZZIERI;all'intersezione con;VIA FRANCESCO GENTILE;VIA FRANCESCO GENTILE;;;Scontro laterale fra veicoli in marcia;Rotatoria;Due carreggiate;Asciutto;Asfaltata;Verticale ed orizzontale;Sereno;Normale;Buona;Ore Diurne;0;0;0;2;12.5861;41.8523;-1;1;Autovettura privata;In marcia / fermata / arresto;Conducente;M;Illeso;0;;Non accertato;Inesploso
4747466;10;11/01/2020 12:25:00;Strada Urbana;VIALE BRUNO RIZZIERI;all'intersezione con;VIA FRANCESCO GENTILE;VIA FRANCESCO GENTILE;;;Scontro laterale fra veicoli in marcia;Rotatoria;Due carreggiate;Asciutto;Asfaltata;Verticale ed orizzontale;Sereno;Normale;Buona;Ore Diurne;0;0;0;2;12.5861;41.8523;-1;2;Autovettura privata;In marcia / fermata / arresto;Conducente;F;Illeso;0;;Non accertato;Inesploso
4747471;10;11/01/2020 13:00:00;Strada Urbana;VIA TUSCOLANA;in prossimit�;;del civico n.;932;;Veicolo in marcia contro veicolo in sosta;Rettilineo;Due carreggiate;Asciutto;Asfaltata;Verticale ed orizzontale;Sereno;Normale;Buona;Ore Diurne;0;0;0;1;12.552;41.8623;-1;1;Autovettura privata;In marcia / fermata / arresto;Conducente;M;Illeso;0;;Non accertato;Inesploso
4747471;10;11/01/2020 13:00:00;Strada Urbana;VIA TUSCOLANA;in prossimit�;;del civico n.;932;;Veicolo in marcia contro veicolo in sosta;Rettilineo;Due carreggiate;Asciutto;Asfaltata;Verticale ed orizzontale;Sereno;Normale;Buona;Ore Diurne;0;0;0;1;12.552;41.8623;-1;2;Autovettura privata;Sosta;;;;;;;
4747482;10;11/01/2020 13:30:00;Strada Urbana;VIA STEFANO OBERTO;da specificare;;;;alt. Mercato Rionale;Tamponamento Multiplo;Rettilineo;Una carreggiata a doppio senso;Asciutto;Asfaltata;Verticale ed orizzontale;Sereno;Normale;Buona;Ore Diurne;0;0;0;4;12.5864;41.8512;-1;1;Autovettura privata;In marcia / fermata / arresto;Conducente;M;Illeso;0;;Non accertato;Inesploso
4747482;10;11/01/2020 13:30:00;Strada Urbana;VIA STEFANO OBERTO;da specificare;;;;alt. Mercato Rionale;Tamponamento Multiplo;Rettilineo;Una carreggiata a doppio senso;Asciutto;Asfaltata;Verticale ed orizzontale;Sereno;Normale;Buona;Ore Diurne;0;0;0;4;12.5864;41.8512;-1;2;Autovettura privata;In marcia / fermata / arresto;Conducente;M;Illeso;0;;Non accertato;Inesploso
4747482;10;11/01/2020 13:30:00;Strada Urbana;VIA STEFANO OBERTO;da specificare;;;;alt. Mercato Rionale;Tamponamento Multiplo;Rettilineo;Una carreggiata a doppio senso;Asciutto;Asfaltata;Verticale ed orizzontale;Sereno;Normale;Buona;Ore Diurne;0;0;0;4;12.5864;41.8512;-1;2;Autovettura privata;In marcia / fermata / arresto;Passeggero;M;Illeso;0;;Non accertato;Inesploso
4747482;10;11/01/2020 13:30:00;Strada Urbana;VIA STEFANO OBERTO;da specificare;;;;alt. Mercato Rionale;Tamponamento Multiplo;Rettilineo;Una carreggiata a doppio senso;Asciutto;Asfaltata;Verticale ed orizzontale;Sereno;Normale;Buona;Ore Diurne;0;0;0;4;12.5864;41.8512;-1;3;Autovettura privata;In marcia / fermata / arresto;Conducente;M;Illeso;0;;Non accertato;Inesploso
4747538;12;11/01/2020 12:45:00;Statale;VIA PONTINA;da specificare;;;;altezza Gra direzione fuori Roma;Tamponamento Multiplo;Rettilineo;Due carreggiate;Asciutto;Asfaltata;Verticale ed orizzontale;Sereno;Normale;Buona;Ore Diurne;0;0;0;6;12.4522;41.7941;-1;1;Autovettura privata;In marcia / fermata / arresto;Conducente;M;Illeso;0;;Utilizzato;Inesploso
4747538;12;11/01/2020 12:45:00;Statale;VIA PONTINA;da specificare;;;;altezza Gra direzione fuori Roma;Tamponamento Multiplo;Rettilineo;Due carreggiate;Asciutto;Asfaltata;Verticale ed orizzontale;Sereno;Normale;Buona;Ore Diurne;0;0;0;6;12.4522;41.7941;-1;1;Autovettura privata;In marcia / fermata / arresto;Passeggero;F;Illeso;0;;Utilizzato;Inesploso
4747538;12;11/01/2020 12:45:00;Statale;VIA PONTINA;da specificare;;;;altezza Gra direzione fuori Roma;Tamponamento Multiplo;Rettilineo;Due carreggiate;Asciutto;Asfaltata;Verticale ed orizzontale;Sereno;Normale;Buona;Ore Diurne;0;0;0;6;12.4522;41.7941;-1;2;Autovettura privata;In marcia / fermata / arresto;Conducente;M;Illeso;0;;Utilizzato;Inesploso
4747538;12;11/01/2020 12:45:00;Statale;VIA PONTINA;da specificare;;;;altezza Gra direzione fuori Roma;Tamponamento Multiplo;Rettilineo;Due carreggiate;Asciutto;Asfaltata;Verticale ed orizzontale;Sereno;Normale;Buona;Ore Diurne;0;0;0;6;12.4522;41.7941;-1;2;Autovettura privata;In marcia / fermata / arresto;Passeggero;M;Illeso;0;;Utilizzato;Inesploso
4747538;12;11/01/2020 12:45:00;Statale;VIA PONTINA;da specificare;;;;altezza Gra direzione fuori Roma;Tamponamento Multiplo;Rettilineo;Due carreggiate;Asciutto;Asfaltata;Verticale ed orizzontale;Sereno;Normale;Buona;Ore Diurne;0;0;0;6;12.4522;41.7941;-1;3;Autovettura privata;In marcia / fermata / arresto;Conducente;F;Illeso;0;;Utilizzato;Inesploso
4747538;12;11/01/2020 12:45:00;Statale;VIA PONTINA;da specificare;;;;altezza Gra direzione fuori Roma;Tamponamento Multiplo;Rettilineo;Due carreggiate;Asciutto;Asfaltata;Verticale ed orizzontale;Sereno;Normale;Buona;Ore Diurne;0;0;0;6;12.4522;41.7941;-1;3;Autovettura privata;In marcia / fermata / arresto;Passeggero;M;Illeso;0;;Utilizzato;Inesploso
4747544;12;11/01/2020 17:45:00;Strada Urbana;VIA DI TRIGORIA;all'intersezione con;VIA ITALO TORSIELLO;VIA ITALO TORSIELLO;;;Scontro laterale fra veicoli in marcia;Incrocio;Una carreggiata a doppio senso;Asciutto;Asfaltata;Verticale;Sereno;Normale;Buona;Sufficiente;1;0;0;3;12.4784;41.7685;-1;1;Autocarro inferiore 35 q.;In marcia / fermata / arresto;Conducente;M;Illeso;0;;;
4747544;12;11/01/2020 17:45:00;Strada Urbana;VIA DI TRIGORIA;all'intersezione con;VIA ITALO TORSIELLO;VIA ITALO TORSIELLO;;;Scontro laterale fra veicoli in marcia;Incrocio;Una carreggiata a doppio senso;Asciutto;Asfaltata;Verticale;Sereno;Normale;Buona;Sufficiente;1;0;0;3;12.4784;41.7685;-1;1;Autocarro inferiore 35 q.;In marcia / fermata / arresto;Passeggero;M;Illeso;0;;;
4747544;12;11/01/2020 17:45:00;Strada Urbana;VIA DI TRIGORIA;all'intersezione con;VIA ITALO TORSIELLO;VIA ITALO TORSIELLO;;;Scontro laterale fra veicoli in marcia;Incrocio;Una carreggiata a doppio senso;Asciutto;Asfaltata;Verticale;Sereno;Normale;Buona;Sufficiente;1;0;0;3;12.4784;41.7685;-1;1;Autocarro inferiore 35 q.;In marcia / fermata / arresto;Passeggero;M;Illeso;0;;;
4747544;12;11/01/2020 17:45:00;Strada Urbana;VIA DI TRIGORIA;all'intersezione con;VIA ITALO TORSIELLO;VIA ITALO TORSIELLO;;;Scontro laterale fra veicoli in marcia;Incrocio;Una carreggiata a doppio senso;Asciutto;Asfaltata;Verticale;Sereno;Normale;Buona;Sufficiente;1;0;0;3;12.4784;41.7685;-1;2;Motociclo a solo;In marcia / fermata / arresto;Conducente;M;Rimandato;0;NON DECEDUTO;;
4747552;12;11/01/2020 14:30:00;Provinciale;VIA ARDEATINA;in corrispondenza;;del civico n.;1000;;Veicolo in marcia contro ostacolo accidentale;Rettilineo;Una carreggiata a doppio senso;Asciutto;Asfaltata;Verticale ed orizzontale;Sereno;Scarso;Buona;Ore Diurne;0;0;0;1;12.5349;41.7935;-1;1;Autovettura privata;In marcia / fermata / arresto;Conducente;M;Illeso;0;;Utilizzato;Inesploso
4747553;12;11/01/2020 09:05:00;Strada Urbana;VIA DEL FOSSO DELLA CASTELLUCCIA;da specificare;;;;civ. 146 int 11;Scontro frontale/laterale SX fra veicoli in marcia;Rettilineo;Una carreggiata a doppio senso;Asciutto;Asfaltata;Verticale;Sereno;Scarso;Buona;Ore Diurne;1;0;0;2;12.5066;41.776;-1;1;Autovettura privata;In marcia / fermata / arresto;Conducente;M;Illeso;0;;Utilizzato;Inesploso
4747553;12;11/01/2020 09:05:00;Strada Urbana;VIA DEL FOSSO DELLA CASTELLUCCIA;da specificare;;;;civ. 146 int 11;Scontro frontale/laterale SX fra veicoli in marcia;Rettilineo;Una carreggiata a doppio senso;Asciutto;Asfaltata;Verticale;Sereno;Scarso;Buona;Ore Diurne;1;0;0;2;12.5066;41.776;-1;1;Autovettura privata;In marcia / fermata / arresto;Passeggero;F;Illeso;0;;Utilizzato;Inesploso
4747553;12;11/01/2020 09:05:00;Strada Urbana;VIA DEL FOSSO DELLA CASTELLUCCIA;da specificare;;;;civ. 146 int 11;Scontro frontale/laterale SX fra veicoli in marcia;Rettilineo;Una carreggiata a doppio senso;Asciutto;Asfaltata;Verticale;Sereno;Scarso;Buona;Ore Diurne;1;0;0;2;12.5066;41.776;-1;2;Autovettura privata;In marcia / fermata / arresto;Conducente;M;Rimandato;0;NON DECEDUTO;Utilizzato;Inesploso
4747564;12;11/01/2020 15:45:00;Strada Urbana;PIAZZALE DELL'UMANESIMO;all'intersezione con;VIALE DELL'UMANESIMO;VIALE DELL'UMANESIMO;;;Scontro laterale fra veicoli in marcia;Intersezione semaforizzata;Una carreggiata a doppio senso;Asciutto;Asfaltata;Verticale ed orizzontale;Sereno;Scarso;Buona;Ore Diurne;0;0;0;2;12.4715;41.8227;-1;1;Autovettura privata;In marcia / fermata / arresto;Conducente;M;Illeso;0;;;
4747564;12;11/01/2020 15:45:00;Strada Urbana;PIAZZALE DELL'UMANESIMO;all'intersezione con;VIALE DELL'UMANESIMO;VIALE DELL'UMANESIMO;;;Scontro laterale fra veicoli in marcia;Intersezione semaforizzata;Una carreggiata a doppio senso;Asciutto;Asfaltata;Verticale ed orizzontale;Sereno;Scarso;Buona;Ore Diurne;0;0;0;2;12.4715;41.8227;-1;2;Autovettura privata;In marcia / fermata / arresto;Conducente;M;Illeso;0;;;
4747566;12;11/01/2020 09:54:00;Strada Urbana;VIALE BARTOLOMEO CAVACEPPI;all'intersezione con;VIALE LUIGI GUGLIELMI;VIALE LUIGI GUGLIELMI;;;Scontro laterale fra veicoli in marcia;Rotatoria;Una carreggiata a senso unico di marcia;Asciutto;Asfaltata;Verticale ed orizzontale;Sereno;Normale;Buona;Ore Diurne;0;0;0;3;12.4308;41.7971;-1;1;Autovettura privata;In marcia / fermata / arresto;Conducente;M;Illeso;0;;;
4747566;12;11/01/2020 09:54:00;Strada Urbana;VIALE BARTOLOMEO CAVACEPPI;all'intersezione con;VIALE LUIGI GUGLIELMI;VIALE LUIGI GUGLIELMI;;;Scontro laterale fra veicoli in marcia;Rotatoria;Una carreggiata a senso unico di marcia;Asciutto;Asfaltata;Verticale ed orizzontale;Sereno;Normale;Buona;Ore Diurne;0;0;0;3;12.4308;41.7971;-1;1;Autovettura privata;In marcia / fermata / arresto;Passeggero;F;Illeso;0;;Utilizzato;Inesploso
4747566;12;11/01/2020 09:54:00;Strada Urbana;VIALE BARTOLOMEO CAVACEPPI;all'intersezione con;VIALE LUIGI GUGLIELMI;VIALE LUIGI GUGLIELMI;;;Scontro laterale fra veicoli in marcia;Rotatoria;Una carreggiata a senso unico di marcia;Asciutto;Asfaltata;Verticale ed orizzontale;Sereno;Normale;Buona;Ore Diurne;0;0;0;3;12.4308;41.7971;-1;2;Autovettura privata;In marcia / fermata / arresto;Conducente;M;Illeso;0;;Utilizzato;Inesploso
4747714;2;11/01/2020 20:55:00;Strada Urbana;VIA DEI CAMPI SPORTIVI;in prossimit�;;del civico n.;54;;Scontro laterale fra veicoli in marcia;Rettilineo;Una carreggiata a doppio senso;Asciutto;Asfaltata;Verticale ed orizzontale;Sereno;Normale;Sufficiente;Sufficiente;0;0;0;1;12.4906;41.9365;-1;1;Autovettura privata;In marcia / fermata / arresto;Conducente;M;Illeso;0;;;
4747714;2;11/01/2020 20:55:00;Strada Urbana;VIA DEI CAMPI SPORTIVI;in prossimit�;;del civico n.;54;;Scontro laterale fra veicoli in marcia;Rettilineo;Una carreggiata a doppio senso;Asciutto;Asfaltata;Verticale ed orizzontale;Sereno;Normale;Sufficiente;Sufficiente;0;0;0;1;12.4906;41.9365;-1;2;Autovettura privata;In marcia / fermata / arresto;;;;;;;
4747741;2;10/01/2020 16:15:00;Strada Urbana;VIA GIACINTA PEZZANA;in corrispondenza;;del civico n.;62;;Tamponamento;Rettilineo;Una carreggiata a doppio senso;Asciutto;Asfaltata;Verticale;Sereno;Scarso;Buona;Ore Diurne;0;0;0;2;12.4954;41.9314;-1;1;Autovettura privata;In marcia / fermata / arresto;Conducente;F;Illeso;0;;Non accertato;Inesploso
4747741;2;10/01/2020 16:15:00;Strada Urbana;VIA GIACINTA PEZZANA;in corrispondenza;;del civico n.;62;;Tamponamento;Rettilineo;Una carreggiata a doppio senso;Asciutto;Asfaltata;Verticale;Sereno;Scarso;Buona;Ore Diurne;0;0;0;2;12.4954;41.9314;-1;2;Autovettura privata;In marcia / fermata / arresto;Conducente;M;Illeso;0;;Non accertato;Inesploso
4747745;2;10/01/2020 09:25:00;Strada Urbana;VIALE ROMANIA;all'intersezione con;VIA VITTORIO LOCCHI;VIA VITTORIO LOCCHI;;;Scontro laterale fra veicoli in marcia;Intersezione non regolata/non segnalata;Una carreggiata a doppio senso;Asciutto;Asfaltata;Verticale ed orizzontale;Sereno;Normale;Buona;Ore Diurne;0;0;0;3;12.493;41.9249;-1;1;Autovettura privata;In marcia / fermata / arresto;Conducente;M;Illeso;0;;Non accertato;Inesploso
4747745;2;10/01/2020 09:25:00;Strada Urbana;VIALE ROMANIA;all'intersezione con;VIA VITTORIO LOCCHI;VIA VITTORIO LOCCHI;;;Scontro laterale fra veicoli in marcia;Intersezione non regolata/non segnalata;Una carreggiata a doppio senso;Asciutto;Asfaltata;Verticale ed orizzontale;Sereno;Normale;Buona;Ore Diurne;0;0;0;3;12.493;41.9249;-1;1;Autovettura privata;In marcia / fermata / arresto;Passeggero;M;Illeso;0;;Non accertato;Inesploso
4747745;2;10/01/2020 09:25:00;Strada Urbana;VIALE ROMANIA;all'intersezione con;VIA VITTORIO LOCCHI;VIA VITTORIO LOCCHI;;;Scontro laterale fra veicoli in marcia;Intersezione non regolata/non segnalata;Una carreggiata a doppio senso;Asciutto;Asfaltata;Verticale ed orizzontale;Sereno;Normale;Buona;Ore Diurne;0;0;0;3;12.493;41.9249;-1;2;Motociclo a solo;In marcia / fermata / arresto;Conducente;M;Illeso;0;;Non accertato;
4747748;10;11/01/2020 19:10:00;Strada Urbana;VIA QUINTO PUBLICIO;in corrispondenza;;del civico n.;9;;Veicolo in marcia contro ostacolo accidentale;Rettilineo;Due carreggiate;Asciutto;Asfaltata;Verticale ed orizzontale;Sereno;Normale;Sufficiente;Sufficiente;0;0;0;1;12.5697;41.8558;-1;1;Autovettura privata;In marcia / fermata / arresto;Conducente;F;Illeso;0;;Non accertato;Inesploso
4747754;10;12/01/2020 05:30:00;Strada Urbana;VIA ANAGNINA;da specificare;;;;sotto cavalcavia GRA ;Scontro laterale fra veicoli in marcia;Rettilineo;Una carreggiata a senso unico di marcia;Asciutto;Asfaltata;Verticale ed orizzontale;Sereno;Scarso;Sufficiente;Sufficiente;1;0;0;2;12.5902;41.8379;-1;1;Autovettura privata;In marcia / fermata / arresto;Conducente;M;Rimandato;0;NON DECEDUTO;Non accertato;Esploso
4747754;10;12/01/2020 05:30:00;Strada Urbana;VIA ANAGNINA;da specificare;;;;sotto cavalcavia GRA ;Scontro laterale fra veicoli in marcia;Rettilineo;Una carreggiata a senso unico di marcia;Asciutto;Asfaltata;Verticale ed orizzontale;Sereno;Scarso;Sufficiente;Sufficiente;1;0;0;2;12.5902;41.8379;-1;2;Autovettura privata;In marcia / fermata / arresto;Conducente;M;Illeso;0;;Non accertato;Inesploso
4747754;10;12/01/2020 05:30:00;Strada Urbana;VIA ANAGNINA;da specificare;;;;sotto cavalcavia GRA ;Scontro laterale fra veicoli in marcia;Rettilineo;Una carreggiata a senso unico di marcia;Asciutto;Asfaltata;Verticale ed orizzontale;Sereno;Scarso;Sufficiente;Sufficiente;1;0;0;2;12.5902;41.8379;-1;2;Autovettura privata;In marcia / fermata / arresto;Passeggero;F;Illeso;0;;Non accertato;Inesploso
4747760;2;10/01/2020 15:05:00;Strada Urbana;VIALE LIEGI;in prossimit�;;del civico n.;46C;;Scontro frontale/laterale SX fra veicoli in marcia;Rettilineo;Una carreggiata a doppio senso;Asciutto;Asfaltata;Verticale ed orizzontale;Sereno;Normale;Buona;Ore Diurne;1;0;0;2;12.4957;41.9215;-1;1;Vettura tranviaria;In marcia / fermata / arresto;Conducente;F;Illeso;0;;Esente;
4747760;2;10/01/2020 15:05:00;Strada Urbana;VIALE LIEGI;in prossimit�;;del civico n.;46C;;Scontro frontale/laterale SX fra veicoli in marcia;Rettilineo;Una carreggiata a doppio senso;Asciutto;Asfaltata;Verticale ed orizzontale;Sereno;Normale;Buona;Ore Diurne;1;0;0;2;12.4957;41.9215;-1;1;Vettura tranviaria;In marcia / fermata / arresto;Passeggero;M;Rimandato;0;NON DECEDUTO;Esente;
4747760;2;10/01/2020 15:05:00;Strada Urbana;VIALE LIEGI;in prossimit�;;del civico n.;46C;;Scontro frontale/laterale SX fra veicoli in marcia;Rettilineo;Una carreggiata a doppio senso;Asciutto;Asfaltata;Verticale ed orizzontale;Sereno;Normale;Buona;Ore Diurne;1;0;0;2;12.4957;41.9215;-1;2;Autocarro inferiore 35 q.;In marcia / fermata / arresto;Conducente;M;Illeso;0;;Non accertato;Inesploso
4747772;2;10/01/2020 11:50:00;Strada Urbana;VIA DELL'AGONISTICA;all'intersezione con;VIA DEL PENTATHLON;VIA DEL PENTATHLON;;;Veicolo in marcia contro ostacolo fisso;Incrocio;Una carreggiata a doppio senso;Asciutto;Asfaltata;Verticale ed orizzontale;Sereno;Normale;Buona;Ore Diurne;0;0;0;1;12.4899;41.9329;-1;1;Motociclo a solo;In marcia / fermata / arresto;Conducente;M;Illeso;0;;Non accertato;