Protocollo;Gruppo;DataOraIncidente;Localizzazione1;STRADA1;Localizzazione2;STRADA2;Strada02;Chilometrica;DaSpecificare;NaturaIncidente;particolaritastrade;TipoStrada;FondoStradale;Pavimentazione;Segnaletica;CondizioneAtmosferica;Traffico;Visibilita;Illuminazione;NUM_FERITI;NUM_RISERVATA;NUM_MORTI;NUM_ILLESI;Longitude;Latitude;Confermato;Progressivo;TipoVeicolo;StatoVeicolo;TipoPersona;Sesso;Tipolesione;Deceduto;DecedutoDopo;CinturaCascoUtilizzato;Airbag;
4748686;3;10/01/2020 15:55:00;Strada Urbana;PIAZZA GALENO;da specificare;;;;fronte civ. 1;Scontro laterale fra veicoli in marcia;Rettilineo;Pi� di due carreggiate;Asciutto;Asfaltata;Verticale ed orizzontale;Sereno;Normale;Buona;Ore Diurne;0;0;0;2;12.5093;41.9112;-1;2;Autovettura privata;In marcia / fermata / arresto;Conducente;M;Illeso;0;;Non accertato;Inesploso
4748697;3;10/01/2020 09:40:00;Strada Urbana;VIALE DELL'UNIVERSITA';in prossimit�;;del civico n.;34;;Scontro laterale fra veicoli in marcia;Pianeggiante;Una carreggiata a doppio senso;Asciutto;Asfaltata;Verticale ed orizzontale;Sereno;Normale;Buona;Sufficiente;0;0;0;2;12.5139;41.9048;-1;1;Autovettura privata;In marcia / fermata / arresto;Conducente;M;Illeso;0;;Non accertato;Inesploso
4748697;3;10/01/2020 09:40:00;Strada Urbana;VIALE DELL'UNIVERSITA';in prossimit�;;del civico n.;34;;Scontro laterale fra veicoli in marcia;Pianeggiante;Una carreggiata a doppio senso;Asciutto;Asfaltata;Verticale ed orizzontale;Sereno;Normale;Buona;Sufficiente;0;0;0;2;12.5139;41.9048;-1;2;Autovettura privata;In marcia / fermata / arresto;Conducente;F;Illeso;0;;Non accertato;Inesploso
4748756;12;13/01/2020 11:30:00;Strada Urbana;VIA CRISTOFORO COLOMBO;da specificare;;;;dir. Roma centro prox. p.le Nervi svincolo invers.;Scontro laterale fra veicoli in marcia;Curva a visuale libera;Due carreggiate;Asciutto;Asfaltata;Verticale ed orizzontale;Sereno;Normale;Buona;Ore Diurne;0;0;0;2;12.4676;41.8237;-1;1;Autovettura privata;In marcia / fermata / arresto;Conducente;F;Illeso;0;;Utilizzato;Inesploso
4748756;12;13/01/2020 11:30:00;Strada Urbana;VIA CRISTOFORO COLOMBO;da specificare;;;;dir. Roma centro prox. p.le Nervi svincolo invers.;Scontro laterale fra veicoli in marcia;Curva a visuale libera;Due carreggiate;Asciutto;Asfaltata;Verticale ed orizzontale;Sereno;Normale;Buona;Ore Diurne;0;0;0;2;12.4676;41.8237;-1;2;Autovettura privata;In marcia / fermata / arresto;Conducente;M;Illeso;0;;;
4748781;18;13/01/2020 11:30:00;Strada Urbana;PIAZZA PIO XI;all'intersezione semaforizzata con;VIA GREGORIO VII;VIA GREGORIO VII;;;Scontro laterale fra veicoli in marcia;Intersezione semaforizzata;Pi� di due carreggiate;Asciutto;Asfaltata;Verticale ed orizzontale;Sereno;Normale;Buona;Sufficiente;0;0;0;3;12.4386;41.895;-1;1;Autovettura privata;In marcia / fermata / arresto;Conducente;M;Illeso;0;;;
4748781;18;13/01/2020 11:30:00;Strada Urbana;PIAZZA PIO XI;all'intersezione semaforizzata con;VIA GREGORIO VII;VIA GREGORIO VII;;;Scontro laterale fra veicoli in marcia;Intersezione semaforizzata;Pi� di due carreggiate;Asciutto;Asfaltata;Verticale ed orizzontale;Sereno;Normale;Buona;Sufficiente;0;0;0;3;12.4386;41.895;-1;1;Autovettura privata;In marcia / fermata / arresto;Passeggero;F;Illeso;0;;;
4748781;18;13/01/2020 11:30:00;Strada Urbana;PIAZZA PIO XI;all'intersezione semaforizzata con;VIA GREGORIO VII;VIA GREGORIO VII;;;Scontro laterale fra veicoli in marcia;Intersezione semaforizzata;Pi� di due carreggiate;Asciutto;Asfaltata;Verticale ed orizzontale;Sereno;Normale;Buona;Sufficiente;0;0;0;3;12.4386;41.895;-1;2;Autovettura privata;In marcia / fermata / arresto;Conducente;F;Illeso;0;;;
4748788;12;12/01/2020 05:30:00;Provinciale;VIA OSTIENSE;in prossimit�;;del civico n.;975;;Tamponamento;Rettilineo;Una carreggiata a doppio senso;Asciutto;Asfaltata;Verticale ed orizzontale;Sereno;Scarso;Sufficiente;Sufficiente;0;0;0;8;12.4408;41.8228;-1;1;Autovettura privata;In marcia / fermata / arresto;Conducente;F;Illeso;0;;Utilizzato;Inesploso
4748788;12;12/01/2020 05:30:00;Provinciale;VIA OSTIENSE;in prossimit�;;del civico n.;975;;Tamponamento;Rettilineo;Una carreggiata a doppio senso;Asciutto;Asfaltata;Verticale ed orizzontale;Sereno;Scarso;Sufficiente;Sufficiente;0;0;0;8;12.4408;41.8228;-1;1;Autovettura privata;In marcia / fermata / arresto;Passeggero;M;Illeso;0;;Utilizzato;Inesploso
4748788;12;12/01/2020 05:30:00;Provinciale;VIA OSTIENSE;in prossimit�;;del civico n.;975;;Tamponamento;Rettilineo;Una carreggiata a doppio senso;Asciutto;Asfaltata;Verticale ed orizzontale;Sereno;Scarso;Sufficiente;Sufficiente;0;0;0;8;12.4408;41.8228;-1;1;Autovettura privata;In marcia / fermata / arresto;Passeggero;F;Illeso;0;;Utilizzato;Inesploso
4748788;12;12/01/2020 05:30:00;Provinciale;VIA OSTIENSE;in prossimit�;;del civico n.;975;;Tamponamento;Rettilineo;Una carreggiata a doppio senso;Asciutto;Asfaltata;Verticale ed orizzontale;Sereno;Scarso;Sufficiente;Sufficiente;0;0;0;8;12.4408;41.8228;-1;1;Autovettura privata;In marcia / fermata / arresto;Passeggero;M;Illeso;0;;Utilizzato;Inesploso
4748788;12;12/01/2020 05:30:00;Provinciale;VIA OSTIENSE;in prossimit�;;del civico n.;975;;Tamponamento;Rettilineo;Una carreggiata a doppio senso;Asciutto;Asfaltata;Verticale ed orizzontale;Sereno;Scarso;Sufficiente;Sufficiente;0;0;0;8;12.4408;41.8228;-1;2;Autovettura privata;In marcia / fermata / arresto;Conducente;M;Illeso;0;;Non accertato;Inesploso
4748788;12;12/01/2020 05:30:00;Provinciale;VIA OSTIENSE;in prossimit�;;del civico n.;975;;Tamponamento;Rettilineo;Una carreggiata a doppio senso;Asciutto;Asfaltata;Verticale ed orizzontale;Sereno;Scarso;Sufficiente;Sufficiente;0;0;0;8;12.4408;41.8228;-1;2;Autovettura privata;In marcia / fermata / arresto;Passeggero;F;Illeso;0;;;
4748788;12;12/01/2020 05:30:00;Provinciale;VIA OSTIENSE;in prossimit�;;del civico n.;975;;Tamponamento;Rettilineo;Una carreggiata a doppio senso;Asciutto;Asfaltata;Verticale ed orizzontale;Sereno;Scarso;Sufficiente;Sufficiente;0;0;0;8;12.4408;41.8228;-1;2;Autovettura privata;In marcia / fermata / arresto;Passeggero;M;Illeso;0;;Utilizzato;Inesploso
4748863;3;11/01/2020 19:00:00;Strada Urbana;PIAZZA CONFIENZA;all'intersezione con;VIALE DELL'UNIVERSITA';VIALE DELL'UNIVERSITA';;;Scontro frontale/laterale DX fra veicoli in marcia;Intersezione stradale segnalata;Una carreggiata a senso unico di marcia;Asciutto;Asfaltata;Verticale ed orizzontale;Nuvoloso;Normale;Buona;Sufficiente;2;0;0;0;12.5094;41.9036;-1;1;Autovettura privata;In marcia / fermata / arresto;Conducente;M;Ricoverato;0;NON DECEDUTO;;
4748863;3;11/01/2020 19:00:00;Strada Urbana;PIAZZA CONFIENZA;all'intersezione con;VIALE DELL'UNIVERSITA';VIALE DELL'UNIVERSITA';;;Scontro frontale/laterale DX fra veicoli in marcia;Intersezione stradale segnalata;Una carreggiata a senso unico di marcia;Asciutto;Asfaltata;Verticale ed orizzontale;Nuvoloso;Normale;Buona;Sufficiente;2;0;0;0;12.5094;41.9036;-1;2;Autovettura privata;In marcia / fermata / arresto;Conducente;F;Ricoverato;0;NON DECEDUTO;;
4748874;3;11/01/2020 22:34:00;Strada Urbana;PIAZZALE DELLE PROVINCIE;da specificare;;;;fronte Viale Ippocrate;Scontro laterale fra veicoli in marcia;Rettilineo;Una carreggiata a senso unico di marcia;Asciutto;Asfaltata;Verticale ed orizzontale;Sereno;Normale;Sufficiente;Sufficiente;1;0;0;1;12.521;41.9095;-1;1;Autovettura privata;In marcia / fermata / arresto;Conducente;F;Illeso;0;;Non accertato;Inesploso
4748874;3;11/01/2020 22:34:00;Strada Urbana;PIAZZALE DELLE PROVINCIE;da specificare;;;;fronte Viale Ippocrate;Scontro laterale fra veicoli in marcia;Rettilineo;Una carreggiata a senso unico di marcia;Asciutto;Asfaltata;Verticale ed orizzontale;Sereno;Normale;Sufficiente;Sufficiente;1;0;0;1;12.521;41.9095;-1;2;Ciclomotore;In marcia / fermata / arresto;Conducente;M;Rimandato;0;NON DECEDUTO;Non accertato;
4748885;3;12/01/2020 09:15:00;Strada Urbana;VIA CATANIA;da specificare;;;;fr civ 43;Investimento di pedone;Rettilineo;Due carreggiate;Asciutto;Asfaltata;Verticale ed orizzontale;Sereno;Scarso;Buona;Ore Diurne;1;0;0;1;12.5193;41.91;-1;;;;Pedone;F;Ricoverato;0;NON DECEDUTO;;
4748885;3;12/01/2020 09:15:00;Strada Urbana;VIA CATANIA;da specificare;;;;fr civ 43;Investimento di pedone;Rettilineo;Due carreggiate;Asciutto;Asfaltata;Verticale ed orizzontale;Sereno;Scarso;Buona;Ore Diurne;1;0;0;1;12.5193;41.91;-1;1;Autovettura privata;In marcia / fermata / arresto;Conducente;M;Illeso;0;;;
4748889;3;12/01/2020 23:00:00;Strada Urbana;VIA NOMENTANA;in prossimit�;;del civico n.;860;;Scontro frontale/laterale DX fra veicoli in marcia;Rettilineo;Una carreggiata a doppio senso;Asciutto;Asfaltata;Verticale ed orizzontale;Sereno;Scarso;Buona;Sufficiente;1;0;0;1;12.5519;41.9404;-1;1;Autovettura privata;In marcia / fermata / arresto;Conducente;M;Illeso;0;;Non accertato;Inesploso
4748889;3;12/01/2020 23:00:00;Strada Urbana;VIA NOMENTANA;in prossimit�;;del civico n.;860;;Scontro frontale/laterale DX fra veicoli in marcia;Rettilineo;Una carreggiata a doppio senso;Asciutto;Asfaltata;Verticale ed orizzontale;Sereno;Scarso;Buona;Sufficiente;1;0;0;1;12.5519;41.9404;-1;2;Autovettura privata;In marcia / fermata / arresto;Conducente;F;Rimandato;0;NON DECEDUTO;Non accertato;Inesploso
4748904;3;11/01/2020 17:10:00;Strada Urbana;VIALE IPPOCRATE;da specificare;;;;fr civ 91 C;Veicolo in marcia contro veicoli in sosta;Rettilineo;Due carreggiate;Asciutto;Asfaltata;Verticale ed orizzontale;Sereno;Normale;Buona;Ore Diurne;0;0;0;1;12.5192;41.9081;-1;2;Autovettura privata;In marcia / fermata / arresto;Conducente;M;Illeso;0;;;
4748904;3;11/01/2020 17:10:00;Strada Urbana;VIALE IPPOCRATE;da specificare;;;;fr civ 91 C;Veicolo in marcia contro veicoli in sosta;Rettilineo;Due carreggiate;Asciutto;Asfaltata;Verticale ed orizzontale;Sereno;Normale;Buona;Ore Diurne;0;0;0;1;12.5192;41.9081;-1;3;Autovettura privata;Sosta;;;;;;;
4748904;3;11/01/2020 17:10:00;Strada Urbana;VIALE IPPOCRATE;da specificare;;;;fr civ 91 C;Veicolo in marcia contro veicoli in sosta;Rettilineo;Due carreggiate;Asciutto;Asfaltata;Verticale ed orizzontale;Sereno;Normale;Buona;Ore Diurne;0;0;0;1;12.5192;41.9081;-1;4;Autovettura privata;Sosta;;;;;;;
4748924;3;10/01/2020 18:45:00;Strada Urbana;VIA CATANIA;da specificare;;;;alt civ 64;Scontro laterale fra veicoli in marcia;Rettilineo;Una carreggiata a senso unico di marcia;Asciutto;Asfaltata;Verticale ed orizzontale;Sereno;Normale;Sufficiente;Sufficiente;0;0;0;3;12.5186;41.9101;-1;1;Autovettura privata;In marcia / fermata / arresto;Conducente;M;Illeso;0;;Non accertato;Inesploso
4748924;3;10/01/2020 18:45:00;Strada Urbana;VIA CATANIA;da specificare;;;;alt civ 64;Scontro laterale fra veicoli in marcia;Rettilineo;Una carreggiata a senso unico di marcia;Asciutto;Asfaltata;Verticale ed orizzontale;Sereno;Normale;Sufficiente;Sufficiente;0;0;0;3;12.5186;41.9101;-1;1;Autovettura privata;In marcia / fermata / arresto;Passeggero;F;Illeso;0;;Non accertato;Inesploso
4748924;3;10/01/2020 18:45:00;Strada Urbana;VIA CATANIA;da specificare;;;;alt civ 64;Scontro laterale fra veicoli in marcia;Rettilineo;Una carreggiata a senso unico di marcia;Asciutto;Asfaltata;Verticale ed orizzontale;Sereno;Normale;Sufficiente;Sufficiente;0;0;0;3;12.5186;41.9101;-1;2;Autovettura privata;In marcia / fermata / arresto;Conducente;M;Illeso;0;;Non accertato;Inesploso
4748932;3;09/01/2020 08:40:00;Strada Urbana;PIAZZA DELLE CROCIATE;da specificare;;;;fr. civ 5;Veicolo in marcia contro veicoli in sosta;Rettilineo;Una carreggiata a senso unico di marcia;Asciutto;Asfaltata;Verticale ed orizzontale;Sereno;Normale;Buona;Ore Diurne;1;0;0;1;12.5264;41.9086;-1;1;Autovettura privata;Sosta;;;;;;;
4748932;3;09/01/2020 08:40:00;Strada Urbana;PIAZZA DELLE CROCIATE;da specificare;;;;fr. civ 5;Veicolo in marcia contro veicoli in sosta;Rettilineo;Una carreggiata a senso unico di marcia;Asciutto;Asfaltata;Verticale ed orizzontale;Sereno;Normale;Buona;Ore Diurne;1;0;0;1;12.5264;41.9086;-1;2;Autovettura privata;In marcia / fermata / arresto;Conducente;M;Illeso;0;;;
4748932;3;09/01/2020 08:40:00;Strada Urbana;PIAZZA DELLE CROCIATE;da specificare;;;;fr. civ 5;Veicolo in marcia contro veicoli in sosta;Rettilineo;Una carreggiata a senso unico di marcia;Asciutto;Asfaltata;Verticale ed orizzontale;Sereno;Normale;Buona;Ore Diurne;1;0;0;1;12.5264;41.9086;-1;3;Motociclo a solo;In marcia / fermata / arresto;Conducente;M;Ricoverato;0;NON DECEDUTO;;
4749040;18;13/01/2020 13:40:00;Strada Urbana;VIA DI BOCCEA;in prossimit�;;del civico n.;306;;Tamponamento Multiplo;Rettilineo;Una carreggiata a doppio senso;Asciutto;Asfaltata;Verticale ed orizzontale;Sereno;Normale;Buona;Ore Diurne;3;0;0;1;12.4164;41.9036;-1;1;Autovettura privata;In marcia / fermata / arresto;Conducente;M;Ricoverato;0;NON DECEDUTO;Non accertato;Inesploso
4749040;18;13/01/2020 13:40:00;Strada Urbana;VIA DI BOCCEA;in prossimit�;;del civico n.;306;;Tamponamento Multiplo;Rettilineo;Una carreggiata a doppio senso;Asciutto;Asfaltata;Verticale ed orizzontale;Sereno;Normale;Buona;Ore Diurne;3;0;0;1;12.4164;41.9036;-1;1;Autovettura privata;In marcia / fermata / arresto;Passeggero;M;Ricoverato;0;NON DECEDUTO;Non accertato;Inesploso
4749040;18;13/01/2020 13:40:00;Strada Urbana;VIA DI BOCCEA;in prossimit�;;del civico n.;306;;Tamponamento Multiplo;Rettilineo;Una carreggiata a doppio senso;Asciutto;Asfaltata;Verticale ed orizzontale;Sereno;Normale;Buona;Ore Diurne;3;0;0;1;12.4164;41.9036;-1;2;Autovettura privata;In marcia / fermata / arresto;Conducente;F;Rimandato;0;NON DECEDUTO;Non accertato;Inesploso
4749040;18;13/01/2020 13:40:00;Strada Urbana;VIA DI BOCCEA;in prossimit�;;del civico n.;306;;Tamponamento Multiplo;Rettilineo;Una carreggiata a doppio senso;Asciutto;Asfaltata;Verticale ed orizzontale;Sereno;Normale;Buona;Ore Diurne;3;0;0;1;12.4164;41.9036;-1;3;Autovettura privata;In marcia / fermata / arresto;Conducente;M;Illeso;0;;Non accertato;Inesploso
4749079;12;11/01/2020 16:10:00;Altra strada;VIA DEGLI AGROSTEMMI;all'intersezione con;VIA DELLE GERBERE;VIA DELLE GERBERE;;;Scontro frontale/laterale SX fra veicoli in marcia;Incrocio;Una carreggiata a doppio senso;Asciutto;Asfaltata;Assente;Sereno;Scarso;Buona;Ore Diurne;0;0;0;2;12.5853;41.71;-1;1;Autovettura privata;In marcia / fermata / arresto;Conducente;M;Illeso;0;;;
4749079;12;11/01/2020 16:10:00;Altra strada;VIA DEGLI AGROSTEMMI;all'intersezione con;VIA DELLE GERBERE;VIA DELLE GERBERE;;;Scontro frontale/laterale SX fra veicoli in marcia;Incrocio;Una carreggiata a doppio senso;Asciutto;Asfaltata;Assente;Sereno;Scarso;Buona;Ore Diurne;0;0;0;2;12.5853;41.71;-1;2;Autovettura privata;In marcia / fermata / arresto;Conducente;M;Illeso;0;;;
4749204;12;12/01/2020 13:20:00;Strada Urbana;VIALE OCEANO ATLANTICO ;in corrispondenza;;del civico n.;176;;Tamponamento;Rettilineo;Due carreggiate;Asciutto;Asfaltata;Verticale ed orizzontale;Sereno;Normale;Buona;Ore Diurne;1;0;0;2;12.4699;41.8201;-1;1;Autovettura privata;In marcia / fermata / arresto;Conducente;M;Illeso;0;;Utilizzato;Inesploso
4749204;12;12/01/2020 13:20:00;Strada Urbana;VIALE OCEANO ATLANTICO ;in corrispondenza;;del civico n.;176;;Tamponamento;Rettilineo;Due carreggiate;Asciutto;Asfaltata;Verticale ed orizzontale;Sereno;Normale;Buona;Ore Diurne;1;0;0;2;12.4699;41.8201;-1;2;Autovettura privata;In marcia / fermata / arresto;Conducente;F;Illeso;0;;Utilizzato;Inesploso
4749204;12;12/01/2020 13:20:00;Strada Urbana;VIALE OCEANO ATLANTICO ;in corrispondenza;;del civico n.;176;;Tamponamento;Rettilineo;Due carreggiate;Asciutto;Asfaltata;Verticale ed orizzontale;Sereno;Normale;Buona;Ore Diurne;1;0;0;2;12.4699;41.8201;-1;2;Autovettura privata;In marcia / fermata / arresto;Passeggero;M;Rimandato;0;NON DECEDUTO;Non utilizzato;Inesploso
4749219;17;11/01/2020 22:00:00;Strada Urbana;VIALE DELLE MILIZIE;in prossimit�;;del civico n.;64;;Veicolo in marcia contro ostacolo fisso;Rettilineo;Pi� di due carreggiate;Asciutto;Asfaltata;Verticale ed orizzontale;Sereno;Scarso;Buona;Sufficiente;0;0;0;1;12.4605;41.9119;-1;1;Autovettura privata;In marcia / fermata / arresto;Conducente;M;Illeso;0;;;
4749234;12;12/01/2020 11:05:00;Strada Urbana;VIA CINA;all'intersezione con;VIA DEI BAMBU';VIA DEI BAMBU';;;Scontro laterale fra veicoli in marcia;Incrocio;Una carreggiata a doppio senso;Asciutto;Asfaltata;Verticale ed orizzontale;Sereno;Normale;Buona;Ore Diurne;0;0;0;2;12.4342;41.8127;-1;1;Autovettura privata;In marcia / fermata / arresto;Conducente;M;Illeso;0;;;
4749234;12;12/01/2020 11:05:00;Strada Urbana;VIA CINA;all'intersezione con;VIA DEI BAMBU';VIA DEI BAMBU';;;Scontro laterale fra veicoli in marcia;Incrocio;Una carreggiata a doppio senso;Asciutto;Asfaltata;Verticale ed orizzontale;Sereno;Normale;Buona;Ore Diurne;0;0;0;2;12.4342;41.8127;-1;2;Autovettura privata;In marcia / fermata / arresto;Conducente;M;Illeso;0;;;
4749371;12;12/01/2020 18:35:00;Strada Urbana;VIALE CRISTOFORO COLOMBO;da specificare;;;;per viale CIVILTA' DEL LAVORO  direz. Roma centro;Scontro frontale/laterale SX fra veicoli in marcia;Rettilineo;Due carreggiate;Asciutto;Asfaltata;Verticale ed orizzontale;Sereno;Intenso;Buona;Sufficiente;0;0;0;4;12.472;41.8351;-1;1;Autovettura privata;In marcia / fermata / arresto;Conducente;M;Illeso;0;;Utilizzato;Inesploso
4749371;12;12/01/2020 18:35:00;Strada Urbana;VIALE CRISTOFORO COLOMBO;da specificare;;;;per viale CIVILTA' DEL LAVORO  direz. Roma centro;Scontro frontale/laterale SX fra veicoli in marcia;Rettilineo;Due carreggiate;Asciutto;Asfaltata;Verticale ed orizzontale;Sereno;Intenso;Buona;Sufficiente;0;0;0;4;12.472;41.8351;-1;1;Autovettura privata;In marcia / fermata / arresto;Passeggero;F;Illeso;0;;Utilizzato;
4749371;12;12/01/2020 18:35:00;Strada Urbana;VIALE CRISTOFORO COLOMBO;da specificare;;;;per viale CIVILTA' DEL LAVORO  direz. Roma centro;Scontro frontale/laterale SX fra veicoli in marcia;Rettilineo;Due carreggiate;Asciutto;Asfaltata;Verticale ed orizzontale;Sereno;Intenso;Buona;Sufficiente;0;0;0;4;12.472;41.8351;-1;2;Quadriciclo;In marcia / fermata / arresto;Conducente;M;Illeso;0;;Utilizzato;
4749371;12;12/01/2020 18:35:00;Strada Urbana;VIALE CRISTOFORO COLOMBO;da specificare;;;;per viale CIVILTA' DEL LAVORO  direz. Roma centro;Scontro frontale/laterale SX fra veicoli in marcia;Rettilineo;Due carreggiate;Asciutto;Asfaltata;Verticale ed orizzontale;Sereno;Intenso;Buona;Sufficiente;0;0;0;4;12.472;41.8351;-1;2;Quadriciclo;In marcia / fermata / arresto;Passeggero;F;Illeso;0;;Utilizzato;
4749377;18;13/01/2020 09:15:00;Strada Urbana;VIA GABRIELE PALEOTTI;all'intersezione con;VIA DI TORREVECCHIA;VIA DI TORREVECCHIA;;;Investimento di pedone;Intersezione stradale segnalata;Una carreggiata a senso unico di marcia;Asciutto;Asfaltata;Verticale ed orizzontale;Sereno;Normale;Buona;Ore Diurne;1;0;0;0;12.4113;41.92;0;;;;Pedone;F;Rimandato;0;NON DECEDUTO;;
4749396;6;13/01/2020 17:00:00;Strada Urbana;VIA ETTORE GIOVENALE;in corrispondenza;;del civico n.;7;;Veicolo in marcia contro veicolo in sosta;Rettilineo;Una carreggiata a senso unico di marcia;Asciutto;Asfaltata;Verticale;Sereno;Scarso;Sufficiente;Sufficiente;0;0;0;1;12.5315;41.8914;-1;1;Autovettura privata;In marcia / fermata / arresto;Conducente;M;Illeso;0;;Non accertato;Inesploso
4749396;6;13/01/2020 17:00:00;Strada Urbana;VIA ETTORE GIOVENALE;in corrispondenza;;del civico n.;7;;Veicolo in marcia contro veicolo in sosta;Rettilineo;Una carreggiata a senso unico di marcia;Asciutto;Asfaltata;Verticale;Sereno;Scarso;Sufficiente;Sufficiente;0;0;0;1;12.5315;41.8914;-1;2;Autovettura privata;Sosta;;;;;;;
4749399;18;13/01/2020 10:50:00;Strada Urbana;VIA DI BOCCEA;all'intersezione con;VIA DEL QUARTACCIO;VIA DEL QUARTACCIO;;;Scontro frontale/laterale DX fra veicoli in marcia;Intersezione stradale segnalata;Una carreggiata a senso unico di marcia;Asciutto;Asfaltata;Verticale ed orizzontale;Sereno;Normale;Buona;Ore Diurne;0;0;0;3;12.3847;41.9149;-1;1;Autovettura privata;In marcia / fermata / arresto;Conducente;M;Illeso;0;;;
4749399;18;13/01/2020 10:50:00;Strada Urbana;VIA DI BOCCEA;all'intersezione con;VIA DEL QUARTACCIO;VIA DEL QUARTACCIO;;;Scontro frontale/laterale DX fra veicoli in marcia;Intersezione stradale segnalata;Una carreggiata a senso unico di marcia;Asciutto;Asfaltata;Verticale ed orizzontale;Sereno;Normale;Buona;Ore Diurne;0;0;0;3;12.3847;41.9149;-1;2;Autovettura privata;In marcia / fermata / arresto;Conducente;F;Illeso;0;;;
4749399;18;13/01/2020 10:50:00;Strada Urbana;VIA DI BOCCEA;all'intersezione con;VIA DEL QUARTACCIO;VIA DEL QUARTACCIO;;;Scontro frontale/laterale DX fra veicoli in marcia;Intersezione stradale segnalata;Una carreggiata a senso unico di marcia;Asciutto;Asfaltata;Verticale ed orizzontale;Sereno;Normale;Buona;Ore Diurne;0;0;0;3;12.3847;41.9149;-1;2;Autovettura privata;In marcia / fermata / arresto;Passeggero;M;Illeso;0;;;Inesploso
4749409;10;13/01/2020 08:10:00;Strada Urbana;VIA SALVATORE BARZILAI;in corrispondenza;;del civico n.;131e;;Scontro laterale fra veicoli in marcia;Rettilineo;Una carreggiata a doppio senso;Asciutto;Asfaltata;Orizzontale;Sereno;Scarso;Buona;Ore Diurne;0;0;0;3;12.5992;41.8403;-1;1;Autovettura privata;In marcia / fermata / arresto;Conducente;F;Illeso;0;;Non accertato;Inesploso
4749409;10;13/01/2020 08:10:00;Strada Urbana;VIA SALVATORE BARZILAI;in corrispondenza;;del civico n.;131e;;Scontro laterale fra veicoli in marcia;Rettilineo;Una carreggiata a doppio senso;Asciutto;Asfaltata;Orizzontale;Sereno;Scarso;Buona;Ore Diurne;0;0;0;3;12.5992;41.8403;-1;1;Autovettura privata;In marcia / fermata / arresto;Passeggero;M;Illeso;0;;Non accertato;Inesploso
4749409;10;13/01/2020 08:10:00;Strada Urbana;VIA SALVATORE BARZILAI;in corrispondenza;;del civico n.;131e;;Scontro laterale fra veicoli in marcia;Rettilineo;Una carreggiata a doppio senso;Asciutto;Asfaltata;Orizzontale;Sereno;Scarso;Buona;Ore Diurne;0;0;0;3;12.5992;41.8403;-1;2;Autovettura privata;In marcia / fermata / arresto;Conducente;M;Illeso;0;;Non accertato;Inesploso
4749444;12;12/01/2020 18:15:00;Strada Urbana;VIA CRISTOFORO COLOMBO;da specificare;;;;ALTEZZA L.GO PELLA;Scontro laterale fra veicoli in marcia;Rettilineo;Pi� di due carreggiate;Asciutto;Asfaltata;Verticale ed orizzontale;Sereno;Normale;Buona;Sufficiente;0;0;0;3;12.4686;41.8296;-1;1;Quadriciclo;In marcia / fermata / arresto;Conducente;M;Illeso;0;;Utilizzato;Inesploso
4749444;12;12/01/2020 18:15:00;Strada Urbana;VIA CRISTOFORO COLOMBO;da specificare;;;;ALTEZZA L.GO PELLA;Scontro laterale fra veicoli in marcia;Rettilineo;Pi� di due carreggiate;Asciutto;Asfaltata;Verticale ed orizzontale;Sereno;Normale;Buona;Sufficiente;0;0;0;3;12.4686;41.8296;-1;1;Quadriciclo;In marcia / fermata / arresto;Passeggero;M;Illeso;0;;Utilizzato;Inesploso
4749444;12;12/01/2020 18:15:00;Strada Urbana;VIA CRISTOFORO COLOMBO;da specificare;;;;ALTEZZA L.GO PELLA;Scontro laterale fra veicoli in marcia;Rettilineo;Pi� di due carreggiate;Asciutto;Asfaltata;Verticale ed orizzontale;Sereno;Normale;Buona;Sufficiente;0;0;0;3;12.4686;41.8296;-1;2;Autovettura privata;In marcia / fermata / arresto;Conducente;M;Illeso;0;;Utilizzato;Inesploso
4749460;6;13/01/2020 17:35:00;Strada Urbana;VIA TOR DE' SCHIAVI;in corrispondenza;;del civico n.;255;;Scontro laterale fra veicoli in marcia;Rettilineo;Due carreggiate;Asciutto;Asfaltata;Verticale ed orizzontale;Sereno;Normale;Buona;Ore Diurne;1;0;0;3;12.5611;41.8885;-1;1;Autovettura privata;In marcia / fermata / arresto;Conducente;M;Illeso;0;;Non accertato;Inesploso
4749460;6;13/01/2020 17:35:00;Strada Urbana;VIA TOR DE' SCHIAVI;in corrispondenza;;del civico n.;255;;Scontro laterale fra veicoli in marcia;Rettilineo;Due carreggiate;Asciutto;Asfaltata;Verticale ed orizzontale;Sereno;Normale;Buona;Ore Diurne;1;0;0;3;12.5611;41.8885;-1;1;Autovettura privata;In marcia / fermata / arresto;Passeggero;M;Illeso;0;;Non accertato;Inesploso
4749460;6;13/01/2020 17:35:00;Strada Urbana;VIA TOR DE' SCHIAVI;in corrispondenza;;del civico n.;255;;Scontro laterale fra veicoli in marcia;Rettilineo;Due carreggiate;Asciutto;Asfaltata;Verticale ed orizzontale;Sereno;Normale;Buona;Ore Diurne;1;0;0;3;12.5611;41.8885;-1;1;Autovettura privata;In marcia / fermata / arresto;Passeggero;F;Illeso;0;;Non accertato;Inesploso