Protocollo;Gruppo;DataOraIncidente;Localizzazione1;STRADA1;Localizzazione2;STRADA2;Strada02;Chilometrica;DaSpecificare;NaturaIncidente;particolaritastrade;TipoStrada;FondoStradale;Pavimentazione;Segnaletica;CondizioneAtmosferica;Traffico;Visibilita;Illuminazione;NUM_FERITI;NUM_RISERVATA;NUM_MORTI;NUM_ILLESI;Longitude;Latitude;Confermato;Progressivo;TipoVeicolo;StatoVeicolo;TipoPersona;Sesso;Tipolesione;Deceduto;DecedutoDopo;CinturaCascoUtilizzato;Airbag;
4751792;6;14/01/2020 15:30:00;Strada Urbana;VIA CASILINA;all'intersezione con;VIA DEI GORDIANI;VIA DEI GORDIANI;;;Scontro frontale/laterale DX fra veicoli in marcia;Incrocio;Due carreggiate;Asciutto;Asfaltata;Orizzontale;Sereno;Normale;Sufficiente;Ore Diurne;0;0;0;4;12.5522;41.8771;-1;2;Autocarro inferiore 35 q.;In marcia / fermata / arresto;Passeggero;M;Illeso;0;;Non accertato;Inesploso
4751793;4;14/01/2020 07:25:00;Strada Urbana;VIA UGO OJETTI;in corrispondenza;;del civico n.;141;;Scontro laterale fra veicoli in marcia;Rettilineo;Due carreggiate;Asciutto;Asfaltata;Verticale ed orizzontale;Sereno;Normale;Buona;Ore Diurne;0;0;0;2;12.551;41.9446;-1;1;Autovettura privata;In marcia / fermata / arresto;Conducente;M;Illeso;0;;Non accertato;Inesploso
4751793;4;14/01/2020 07:25:00;Strada Urbana;VIA UGO OJETTI;in corrispondenza;;del civico n.;141;;Scontro laterale fra veicoli in marcia;Rettilineo;Due carreggiate;Asciutto;Asfaltata;Verticale ed orizzontale;Sereno;Normale;Buona;Ore Diurne;0;0;0;2;12.551;41.9446;-1;2;Autocarro superiore 35 q.;In marcia / fermata / arresto;Conducente;M;Illeso;0;;Non accertato;Inesploso
4751799;20;14/01/2020 15:25:00;Strada Urbana;PIAZZA DI SAXA RUBRA;in corrispondenza;;del civico n.;2;;Investimento di pedone;Rotatoria;Una carreggiata a senso unico di marcia;Asciutto;Asfaltata;Assente;Sereno;Normale;Sufficiente;Ore Diurne;1;0;0;1;12.4823;41.9057;-1;;;;Pedone;M;Rimandato;0;NON DECEDUTO;;
4751799;20;14/01/2020 15:25:00;Strada Urbana;PIAZZA DI SAXA RUBRA;in corrispondenza;;del civico n.;2;;Investimento di pedone;Rotatoria;Una carreggiata a senso unico di marcia;Asciutto;Asfaltata;Assente;Sereno;Normale;Sufficiente;Ore Diurne;1;0;0;1;12.4823;41.9057;-1;1;Autovettura privata;In marcia / fermata / arresto;Conducente;M;Illeso;0;;Non accertato;Inesploso
4751809;7;14/01/2020 08:40:00;Strada Urbana;VIA DI TOR TRE TESTE;in corrispondenza;;del palo luce n.;103;;Veicolo in marcia contro ostacolo fisso;Rettilineo;Una carreggiata a doppio senso;Asciutto;Asfaltata;Orizzontale;Sereno;Normale;Buona;Ore Diurne;1;0;0;0;12.5917;41.8811;-1;1;Autovettura privata;In marcia / fermata / arresto;Conducente;F;Rimandato;0;NON DECEDUTO;Non accertato;Inesploso
4751812;20;14/01/2020 09:00:00;Strada Urbana;PIAZZALE DI PONTE MILVIO;all'intersezione semaforizzata con;PIAZZALE MARESCIALLO DIAZ;PIAZZALE MARESCIALLO DIAZ;;;Veicolo in marcia contro ostacolo accidentale;Intersezione semaforizzata;Una carreggiata a senso unico di marcia;Asciutto;Asfaltata;Verticale ed orizzontale;Sereno;Normale;Buona;Ore Diurne;0;0;0;1;12.4664;41.9373;-1;1;Motociclo a solo;In marcia / fermata / arresto;Conducente;M;Illeso;0;;Non accertato;
4751817;20;14/01/2020 19:45:00;Strada Urbana;CORSO DI FRANCIA;in prossimit�;;del civico n.;228;;Scontro laterale fra veicoli in marcia;Rettilineo;Una carreggiata a senso unico di marcia;Asciutto;Asfaltata;Verticale ed orizzontale;Sereno;Normale;Buona;Sufficiente;0;0;0;4;12.4704;41.9478;-1;1;Autovettura privata;In marcia / fermata / arresto;Conducente;F;Illeso;0;;;
4751817;20;14/01/2020 19:45:00;Strada Urbana;CORSO DI FRANCIA;in prossimit�;;del civico n.;228;;Scontro laterale fra veicoli in marcia;Rettilineo;Una carreggiata a senso unico di marcia;Asciutto;Asfaltata;Verticale ed orizzontale;Sereno;Normale;Buona;Sufficiente;0;0;0;4;12.4704;41.9478;-1;1;Autovettura privata;In marcia / fermata / arresto;Passeggero;F;Illeso;0;;;
4751817;20;14/01/2020 19:45:00;Strada Urbana;CORSO DI FRANCIA;in prossimit�;;del civico n.;228;;Scontro laterale fra veicoli in marcia;Rettilineo;Una carreggiata a senso unico di marcia;Asciutto;Asfaltata;Verticale ed orizzontale;Sereno;Normale;Buona;Sufficiente;0;0;0;4;12.4704;41.9478;-1;2;Autovettura privata;In marcia / fermata / arresto;Conducente;M;Illeso;0;;;
4751817;20;14/01/2020 19:45:00;Strada Urbana;CORSO DI FRANCIA;in prossimit�;;del civico n.;228;;Scontro laterale fra veicoli in marcia;Rettilineo;Una carreggiata a senso unico di marcia;Asciutto;Asfaltata;Verticale ed orizzontale;Sereno;Normale;Buona;Sufficiente;0;0;0;4;12.4704;41.9478;-1;2;Autovettura privata;In marcia / fermata / arresto;Passeggero;M;Illeso;0;;;
4751831;20;14/01/2020 18:20:00;Strada Urbana;VIA FORNACE VIGNOLO;da specificare;;;;altezza rotatoria direzione Labaro;Scontro laterale fra veicoli in marcia;Rotatoria;Una carreggiata a senso unico di marcia;Asciutto;Asfaltata;Verticale ed orizzontale;Sereno;Normale;Sufficiente;Insufficiente;0;0;0;3;12.5041;41.9916;-1;1;Autovettura privata;In marcia / fermata / arresto;Conducente;F;Illeso;0;;Non accertato;Inesploso
4751831;20;14/01/2020 18:20:00;Strada Urbana;VIA FORNACE VIGNOLO;da specificare;;;;altezza rotatoria direzione Labaro;Scontro laterale fra veicoli in marcia;Rotatoria;Una carreggiata a senso unico di marcia;Asciutto;Asfaltata;Verticale ed orizzontale;Sereno;Normale;Sufficiente;Insufficiente;0;0;0;3;12.5041;41.9916;-1;1;Autovettura privata;In marcia / fermata / arresto;Passeggero;M;Illeso;0;;Non accertato;Inesploso
4751831;20;14/01/2020 18:20:00;Strada Urbana;VIA FORNACE VIGNOLO;da specificare;;;;altezza rotatoria direzione Labaro;Scontro laterale fra veicoli in marcia;Rotatoria;Una carreggiata a senso unico di marcia;Asciutto;Asfaltata;Verticale ed orizzontale;Sereno;Normale;Sufficiente;Insufficiente;0;0;0;3;12.5041;41.9916;-1;2;Autovettura privata;In marcia / fermata / arresto;Conducente;M;Illeso;0;;Non accertato;Inesploso
4751835;19;14/01/2020 17:40:00;Strada Urbana;VIA PIETRO ADAMI;in corrispondenza;;del civico n.;96;;Tamponamento;Rettilineo;Una carreggiata a senso unico di marcia;Asciutto;Asfaltata;Assente;Sereno;Normale;Buona;Sufficiente;0;0;0;2;12.4166;41.9273;-1;1;Autovettura privata;In marcia / fermata / arresto;Conducente;F;Illeso;0;;Non accertato;Inesploso
4751835;19;14/01/2020 17:40:00;Strada Urbana;VIA PIETRO ADAMI;in corrispondenza;;del civico n.;96;;Tamponamento;Rettilineo;Una carreggiata a senso unico di marcia;Asciutto;Asfaltata;Assente;Sereno;Normale;Buona;Sufficiente;0;0;0;2;12.4166;41.9273;-1;2;Autovettura privata;In marcia / fermata / arresto;Conducente;M;Illeso;0;;Non accertato;Inesploso
4751844;19;14/01/2020 16:30:00;Strada Urbana;GALLERIA GIOVANNI XXIII;da specificare;;;;500 mt dopo E4;Fuoriuscita dalla sede stradale;Rettilineo;Una carreggiata a senso unico di marcia;Asciutto;Asfaltata;Verticale ed orizzontale;Sereno;Normale;Sufficiente;Ore Diurne;1;0;0;0;12.4523;41.9397;-1;1;Motociclo a solo;In marcia / fermata / arresto;Conducente;F;Rimandato;0;NON DECEDUTO;Non accertato;
4751846;13;14/01/2020 16:10:00;Strada Urbana;VIA AMEDEO BOCCHI;da specificare;;;;prossimit� palo Acea n. 88;Scontro frontale/laterale DX fra veicoli in marcia;Rettilineo;Una carreggiata a doppio senso;Asciutto;Asfaltata;Verticale ed orizzontale;Sereno;Normale;Buona;Ore Diurne;0;0;0;4;12.3504;41.7761;-1;1;Autovettura privata;In marcia / fermata / arresto;Conducente;M;Illeso;0;;Non accertato;Inesploso
4751846;13;14/01/2020 16:10:00;Strada Urbana;VIA AMEDEO BOCCHI;da specificare;;;;prossimit� palo Acea n. 88;Scontro frontale/laterale DX fra veicoli in marcia;Rettilineo;Una carreggiata a doppio senso;Asciutto;Asfaltata;Verticale ed orizzontale;Sereno;Normale;Buona;Ore Diurne;0;0;0;4;12.3504;41.7761;-1;2;Autovettura privata;In marcia / fermata / arresto;Conducente;M;Illeso;0;;Non accertato;Inesploso
4751846;13;14/01/2020 16:10:00;Strada Urbana;VIA AMEDEO BOCCHI;da specificare;;;;prossimit� palo Acea n. 88;Scontro frontale/laterale DX fra veicoli in marcia;Rettilineo;Una carreggiata a doppio senso;Asciutto;Asfaltata;Verticale ed orizzontale;Sereno;Normale;Buona;Ore Diurne;0;0;0;4;12.3504;41.7761;-1;2;Autovettura privata;In marcia / fermata / arresto;Passeggero;F;Illeso;0;;Non accertato;Inesploso
4751846;13;14/01/2020 16:10:00;Strada Urbana;VIA AMEDEO BOCCHI;da specificare;;;;prossimit� palo Acea n. 88;Scontro frontale/laterale DX fra veicoli in marcia;Rettilineo;Una carreggiata a doppio senso;Asciutto;Asfaltata;Verticale ed orizzontale;Sereno;Normale;Buona;Ore Diurne;0;0;0;4;12.3504;41.7761;-1;2;Autovettura privata;In marcia / fermata / arresto;Passeggero;F;Illeso;0;;Non accertato;Inesploso
4751849;13;14/01/2020 17:45:00;Strada Urbana;VIA DI SAPONARA;all'intersezione con;VIALE ENRICO ORTOLANI;VIALE ENRICO ORTOLANI;;;Scontro frontale/laterale SX fra veicoli in marcia;Incrocio;Una carreggiata a doppio senso;Asciutto;Asfaltata;Verticale;Sereno;Normale;Buona;Sufficiente;0;0;0;6;12.3408;41.7726;-1;1;Autovettura privata;In marcia / fermata / arresto;Conducente;F;Illeso;0;;Non accertato;Inesploso
4751849;13;14/01/2020 17:45:00;Strada Urbana;VIA DI SAPONARA;all'intersezione con;VIALE ENRICO ORTOLANI;VIALE ENRICO ORTOLANI;;;Scontro frontale/laterale SX fra veicoli in marcia;Incrocio;Una carreggiata a doppio senso;Asciutto;Asfaltata;Verticale;Sereno;Normale;Buona;Sufficiente;0;0;0;6;12.3408;41.7726;-1;1;Autovettura privata;In marcia / fermata / arresto;Passeggero;F;Illeso;0;;Non accertato;Inesploso
4751849;13;14/01/2020 17:45:00;Strada Urbana;VIA DI SAPONARA;all'intersezione con;VIALE ENRICO ORTOLANI;VIALE ENRICO ORTOLANI;;;Scontro frontale/laterale SX fra veicoli in marcia;Incrocio;Una carreggiata a doppio senso;Asciutto;Asfaltata;Verticale;Sereno;Normale;Buona;Sufficiente;0;0;0;6;12.3408;41.7726;-1;2;Autovettura di polizia;In marcia / fermata / arresto;Conducente;M;Illeso;0;;Non accertato;Inesploso
4751849;13;14/01/2020 17:45:00;Strada Urbana;VIA DI SAPONARA;all'intersezione con;VIALE ENRICO ORTOLANI;VIALE ENRICO ORTOLANI;;;Scontro frontale/laterale SX fra veicoli in marcia;Incrocio;Una carreggiata a doppio senso;Asciutto;Asfaltata;Verticale;Sereno;Normale;Buona;Sufficiente;0;0;0;6;12.3408;41.7726;-1;2;Autovettura di polizia;In marcia / fermata / arresto;Passeggero;M;Illeso;0;;Non accertato;
4751849;13;14/01/2020 17:45:00;Strada Urbana;VIA DI SAPONARA;all'intersezione con;VIALE ENRICO ORTOLANI;VIALE ENRICO ORTOLANI;;;Scontro frontale/laterale SX fra veicoli in marcia;Incrocio;Una carreggiata a doppio senso;Asciutto;Asfaltata;Verticale;Sereno;Normale;Buona;Sufficiente;0;0;0;6;12.3408;41.7726;-1;2;Autovettura di polizia;In marcia / fermata / arresto;Passeggero;F;Illeso;0;;Non accertato;
4751849;13;14/01/2020 17:45:00;Strada Urbana;VIA DI SAPONARA;all'intersezione con;VIALE ENRICO ORTOLANI;VIALE ENRICO ORTOLANI;;;Scontro frontale/laterale SX fra veicoli in marcia;Incrocio;Una carreggiata a doppio senso;Asciutto;Asfaltata;Verticale;Sereno;Normale;Buona;Sufficiente;0;0;0;6;12.3408;41.7726;-1;2;Autovettura di polizia;In marcia / fermata / arresto;Passeggero;M;Illeso;0;;Non accertato;
4751853;19;14/01/2020 18:20:00;Strada Urbana;VIA TRIONFALE;in corrispondenza;;del civico n.;8175;;Scontro laterale fra veicoli in marcia;Rettilineo;Una carreggiata a senso unico di marcia;Asciutto;Asfaltata;Verticale ed orizzontale;Sereno;Intenso;Buona;Sufficiente;0;0;0;2;12.4283;41.9371;-1;1;Autovettura privata;In marcia / fermata / arresto;Conducente;M;Illeso;0;;Non accertato;Inesploso
4751853;19;14/01/2020 18:20:00;Strada Urbana;VIA TRIONFALE;in corrispondenza;;del civico n.;8175;;Scontro laterale fra veicoli in marcia;Rettilineo;Una carreggiata a senso unico di marcia;Asciutto;Asfaltata;Verticale ed orizzontale;Sereno;Intenso;Buona;Sufficiente;0;0;0;2;12.4283;41.9371;-1;2;Autobus di linea;In marcia / fermata / arresto;Conducente;F;Illeso;0;;Non accertato;Inesploso
4751862;7;14/01/2020 13:20:00;Strada Urbana;VIA WALTER TOBAGI;all'intersezione con;VIA ROLANDO LANARI;VIA ROLANDO LANARI;;;Scontro frontale/laterale DX fra veicoli in marcia;Incrocio;Una carreggiata a doppio senso;Asciutto;Asfaltata;Verticale ed orizzontale;Sereno;Normale;Buona;Ore Diurne;2;0;0;4;12.5958;41.8809;-1;1;Autovettura privata;In marcia / fermata / arresto;Conducente;M;Illeso;0;;Non accertato;Inesploso
4751862;7;14/01/2020 13:20:00;Strada Urbana;VIA WALTER TOBAGI;all'intersezione con;VIA ROLANDO LANARI;VIA ROLANDO LANARI;;;Scontro frontale/laterale DX fra veicoli in marcia;Incrocio;Una carreggiata a doppio senso;Asciutto;Asfaltata;Verticale ed orizzontale;Sereno;Normale;Buona;Ore Diurne;2;0;0;4;12.5958;41.8809;-1;1;Autovettura privata;In marcia / fermata / arresto;Passeggero;M;Illeso;0;;Non accertato;Inesistente
4751862;7;14/01/2020 13:20:00;Strada Urbana;VIA WALTER TOBAGI;all'intersezione con;VIA ROLANDO LANARI;VIA ROLANDO LANARI;;;Scontro frontale/laterale DX fra veicoli in marcia;Incrocio;Una carreggiata a doppio senso;Asciutto;Asfaltata;Verticale ed orizzontale;Sereno;Normale;Buona;Ore Diurne;2;0;0;4;12.5958;41.8809;-1;1;Autovettura privata;In marcia / fermata / arresto;Passeggero;M;Illeso;0;;Non accertato;Inesploso
4751862;7;14/01/2020 13:20:00;Strada Urbana;VIA WALTER TOBAGI;all'intersezione con;VIA ROLANDO LANARI;VIA ROLANDO LANARI;;;Scontro frontale/laterale DX fra veicoli in marcia;Incrocio;Una carreggiata a doppio senso;Asciutto;Asfaltata;Verticale ed orizzontale;Sereno;Normale;Buona;Ore Diurne;2;0;0;4;12.5958;41.8809;-1;2;Ciclomotore;In marcia / fermata / arresto;Conducente;M;Rimandato;0;NON DECEDUTO;Utilizzato;
4751862;7;14/01/2020 13:20:00;Strada Urbana;VIA WALTER TOBAGI;all'intersezione con;VIA ROLANDO LANARI;VIA ROLANDO LANARI;;;Scontro frontale/laterale DX fra veicoli in marcia;Incrocio;Una carreggiata a doppio senso;Asciutto;Asfaltata;Verticale ed orizzontale;Sereno;Normale;Buona;Ore Diurne;2;0;0;4;12.5958;41.8809;-1;2;Ciclomotore;In marcia / fermata / arresto;Passeggero;F;Ricoverato;0;NON DECEDUTO;Utilizzato;
4751869;19;14/01/2020 20:10:00;Strada Urbana;VIA TRIONFALE;all'intersezione con;VIA VINCENZO TROYA;VIA VINCENZO TROYA;;;Scontro frontale/laterale DX fra veicoli in marcia;Intersezione semaforizzata;Una carreggiata a senso unico di marcia;Asciutto;Asfaltata;Verticale ed orizzontale;Sereno;Normale;Sufficiente;Sufficiente;1;0;0;2;12.4236;41.9402;-1;1;Autovettura privata;In marcia / fermata / arresto;Conducente;M;Illeso;0;;Non accertato;Inesploso
4751869;19;14/01/2020 20:10:00;Strada Urbana;VIA TRIONFALE;all'intersezione con;VIA VINCENZO TROYA;VIA VINCENZO TROYA;;;Scontro frontale/laterale DX fra veicoli in marcia;Intersezione semaforizzata;Una carreggiata a senso unico di marcia;Asciutto;Asfaltata;Verticale ed orizzontale;Sereno;Normale;Sufficiente;Sufficiente;1;0;0;2;12.4236;41.9402;-1;1;Autovettura privata;In marcia / fermata / arresto;Passeggero;F;Illeso;0;;Non accertato;Inesploso
4751869;19;14/01/2020 20:10:00;Strada Urbana;VIA TRIONFALE;all'intersezione con;VIA VINCENZO TROYA;VIA VINCENZO TROYA;;;Scontro frontale/laterale DX fra veicoli in marcia;Intersezione semaforizzata;Una carreggiata a senso unico di marcia;Asciutto;Asfaltata;Verticale ed orizzontale;Sereno;Normale;Sufficiente;Sufficiente;1;0;0;2;12.4236;41.9402;-1;2;Motociclo a solo;In marcia / fermata / arresto;Conducente;M;Rimandato;0;NON DECEDUTO;Non accertato;
4751873;15;14/01/2020 09:50:00;Strada Urbana;VIA LUIGI ANGELONI;in corrispondenza;;del civico n.;90;;Tamponamento;Rettilineo;Una carreggiata a senso unico di marcia;Asciutto;Asfaltata;Orizzontale;Sereno;Normale;Buona;Ore Diurne;0;0;0;2;12.4482;41.8548;-1;1;Motociclo a solo;In marcia / fermata / arresto;Conducente;M;Illeso;0;;Non accertato;
4751873;15;14/01/2020 09:50:00;Strada Urbana;VIA LUIGI ANGELONI;in corrispondenza;;del civico n.;90;;Tamponamento;Rettilineo;Una carreggiata a senso unico di marcia;Asciutto;Asfaltata;Orizzontale;Sereno;Normale;Buona;Ore Diurne;0;0;0;2;12.4482;41.8548;-1;2;Autovettura privata;In marcia / fermata / arresto;Conducente;F;Illeso;0;;Non accertato;Inesploso
4751883;20;14/01/2020 11:00:00;Strada Urbana;VIA CASSIA;da specificare;;;;fronte civico 2040;Tamponamento;Rettilineo;Una carreggiata a doppio senso;Asciutto;Asfaltata;Verticale ed orizzontale;Sereno;Scarso;Buona;Ore Diurne;0;0;0;2;12.4137;41.9828;-1;1;Autovettura privata;In marcia / fermata / arresto;Conducente;M;Illeso;0;;Non accertato;
4751883;20;14/01/2020 11:00:00;Strada Urbana;VIA CASSIA;da specificare;;;;fronte civico 2040;Tamponamento;Rettilineo;Una carreggiata a doppio senso;Asciutto;Asfaltata;Verticale ed orizzontale;Sereno;Scarso;Buona;Ore Diurne;0;0;0;2;12.4137;41.9828;-1;2;Autovettura privata;In marcia / fermata / arresto;Conducente;F;Illeso;0;;Non accertato;
4751893;13;14/01/2020 18:35:00;Strada Urbana;VIALE DEI ROMAGNOLI;in corrispondenza;;del civico n.;1819;;Veicolo in marcia contro ostacolo accidentale;Rettilineo;Una carreggiata a doppio senso;Asciutto;Asfaltata;Assente;Sereno;Normale;Buona;Ore Diurne;0;0;0;2;12.3475;41.7786;-1;1;Autovettura privata;In marcia / fermata / arresto;Conducente;F;Illeso;0;;Non accertato;Inesploso
4751893;13;14/01/2020 18:35:00;Strada Urbana;VIALE DEI ROMAGNOLI;in corrispondenza;;del civico n.;1819;;Veicolo in marcia contro ostacolo accidentale;Rettilineo;Una carreggiata a doppio senso;Asciutto;Asfaltata;Assente;Sereno;Normale;Buona;Ore Diurne;0;0;0;2;12.3475;41.7786;-1;1;Autovettura privata;In marcia / fermata / arresto;Passeggero;F;Illeso;0;;Non accertato;Inesploso
4751894;4;14/01/2020 08:40:00;Strada Urbana;VIALE CARNARO;in corrispondenza;;del civico n.;5;;Scontro laterale fra veicoli in marcia;Rettilineo;Una carreggiata a senso unico di marcia;Asciutto;Strada pavimentata dissestata;Verticale ed orizzontale;Sereno;Normale;Buona;Ore Diurne;1;0;0;2;12.5335;41.9377;-1;1;Autovettura privata;In marcia / fermata / arresto;Conducente;F;Illeso;0;;;
4751894;4;14/01/2020 08:40:00;Strada Urbana;VIALE CARNARO;in corrispondenza;;del civico n.;5;;Scontro laterale fra veicoli in marcia;Rettilineo;Una carreggiata a senso unico di marcia;Asciutto;Strada pavimentata dissestata;Verticale ed orizzontale;Sereno;Normale;Buona;Ore Diurne;1;0;0;2;12.5335;41.9377;-1;1;Autovettura privata;In marcia / fermata / arresto;Passeggero;M;Illeso;0;;;
4751894;4;14/01/2020 08:40:00;Strada Urbana;VIALE CARNARO;in corrispondenza;;del civico n.;5;;Scontro laterale fra veicoli in marcia;Rettilineo;Una carreggiata a senso unico di marcia;Asciutto;Strada pavimentata dissestata;Verticale ed orizzontale;Sereno;Normale;Buona;Ore Diurne;1;0;0;2;12.5335;41.9377;-1;2;Motociclo a solo;In marcia / fermata / arresto;Conducente;M;Rimandato;0;NON DECEDUTO;;
4751895;20;14/01/2020 16:05:00;Strada Urbana;PIAZZA DEI GIUOCHI DELFICI;da specificare;;;;in corrispondenza del Totem Taxi;Tamponamento;Rotatoria;Una carreggiata a senso unico di marcia;Asciutto;Asfaltata;Verticale ed orizzontale;Sereno;Intenso;Buona;Ore Diurne;0;0;0;3;12.4628;41.9483;-1;1;Quadriciclo;In marcia / fermata / arresto;Conducente;M;Illeso;0;;;
4751895;20;14/01/2020 16:05:00;Strada Urbana;PIAZZA DEI GIUOCHI DELFICI;da specificare;;;;in corrispondenza del Totem Taxi;Tamponamento;Rotatoria;Una carreggiata a senso unico di marcia;Asciutto;Asfaltata;Verticale ed orizzontale;Sereno;Intenso;Buona;Ore Diurne;0;0;0;3;12.4628;41.9483;-1;1;Quadriciclo;In marcia / fermata / arresto;Passeggero;M;Illeso;0;;;
4751895;20;14/01/2020 16:05:00;Strada Urbana;PIAZZA DEI GIUOCHI DELFICI;da specificare;;;;in corrispondenza del Totem Taxi;Tamponamento;Rotatoria;Una carreggiata a senso unico di marcia;Asciutto;Asfaltata;Verticale ed orizzontale;Sereno;Intenso;Buona;Ore Diurne;0;0;0;3;12.4628;41.9483;-1;2;Autovettura privata;In marcia / fermata / arresto;Conducente;F;Illeso;0;;Non accertato;Inesploso
4751902;18;14/01/2020 18:15:00;Strada Urbana;VIA AURELIA;all'intersezione con;VIA DI VILLA TROILI;VIA DI VILLA TROILI;;;Tamponamento;Intersezione stradale segnalata;Due carreggiate;Asciutto;Asfaltata;Verticale ed orizzontale;Sereno;Normale;Sufficiente;Sufficiente;0;0;0;2;12.4084;41.888;-1;1;Autovettura privata;In marcia / fermata / arresto;Conducente;F;Illeso;0;;Non accertato;Inesploso
4751902;18;14/01/2020 18:15:00;Strada Urbana;VIA AURELIA;all'intersezione con;VIA DI VILLA TROILI;VIA DI VILLA TROILI;;;Tamponamento;Intersezione stradale segnalata;Due carreggiate;Asciutto;Asfaltata;Verticale ed orizzontale;Sereno;Normale;Sufficiente;Sufficiente;0;0;0;2;12.4084;41.888;-1;2;Autovettura privata;In marcia / fermata / arresto;Conducente;M;Illeso;0;;Non accertato;Inesploso
4751903;20;15/01/2020 02:00:00;Comunale extraurbana;VIA ANGUILLARESE;da specificare;;;;via Lanfranco di Pavia;Veicolo in marcia contro ostacolo fisso;Rettilineo;Una carreggiata a doppio senso;Asciutto;Asfaltata;Orizzontale;Sereno;Scarso;Buona;Inesistente;1;0;0;0;12.2922;42.0626;-1;1;Autovettura privata;In marcia / fermata / arresto;Conducente;M;Rimandato;0;NON DECEDUTO;;
4751920;4;14/01/2020 08:35:00;Strada Urbana;VIA DI CASAL BOCCONE;da specificare;;;;in prossimit� del fronte civico 100;Scontro laterale fra veicoli in marcia;Rettilineo;Due carreggiate;Asciutto;Asfaltata;Verticale ed orizzontale;Sereno;Normale;Buona;Ore Diurne;1;0;0;1;12.5572;41.9577;-1;1;Motociclo a solo;In marcia / fermata / arresto;Conducente;M;Rimandato;0;NON DECEDUTO;;
4751920;4;14/01/2020 08:35:00;Strada Urbana;VIA DI CASAL BOCCONE;da specificare;;;;in prossimit� del fronte civico 100;Scontro laterale fra veicoli in marcia;Rettilineo;Due carreggiate;Asciutto;Asfaltata;Verticale ed orizzontale;Sereno;Normale;Buona;Ore Diurne;1;0;0;1;12.5572;41.9577;-1;2;Motociclo a solo;In marcia / fermata / arresto;Conducente;M;Illeso;0;;;
4751946;12;14/01/2020 13:00:00;Provinciale;VIA LAURENTINA;in prossimit�;;della chilometrica;10.6;;Veicolo in marcia contro ostacolo fisso;Rettilineo;Due carreggiate;Asciutto;Asfaltata;Verticale ed orizzontale;Sereno;Normale;Buona;Ore Diurne;0;0;0;1;12.4819;41.7861;-1;1;Autovettura privata;In marcia / fermata / arresto;Conducente;F;Illeso;0;;Utilizzato;Inesploso
4751976;12;14/01/2020 19:00:00;Provinciale;VIA DELLA SOLFARATA;da specificare;;;;50 mt prima di Via Torremaggiore dir Ardeatina;Veicolo in marcia contro ostacolo accidentale;Curva a visuale libera;Una carreggiata a doppio senso;Asciutto;Asfaltata;Verticale ed orizzontale;Sereno;Normale;Insufficiente;Inesistente;0;0;0;1;12.5458;41.7065;-1;1;Autovettura privata;In marcia / fermata / arresto;Conducente;M;Illeso;0;;Non accertato;Inesploso
4751980;17;14/01/2020 18:15:00;Strada Urbana;VIA GOMENIZZA;all'intersezione con;VIA DURAZZO;VIA DURAZZO;;;Veicolo in marcia contro veicolo in sosta;Incrocio;Una carreggiata a doppio senso;Asciutto;Asfaltata;Verticale ed orizzontale;Sereno;Scarso;Buona;Sufficiente;0;0;0;2;12.456;41.9215;-1;1;Autovettura privata;In marcia / fermata / arresto;Conducente;M;Illeso;0;;;
4751980;17;14/01/2020 18:15:00;Strada Urbana;VIA GOMENIZZA;all'intersezione con;VIA DURAZZO;VIA DURAZZO;;;Veicolo in marcia contro veicolo in sosta;Incrocio;Una carreggiata a doppio senso;Asciutto;Asfaltata;Verticale ed orizzontale;Sereno;Scarso;Buona;Sufficiente;0;0;0;2;12.456;41.9215;-1;2;Autovettura privata;In marcia / fermata / arresto;Conducente;F;Illeso;0;;;
4751980;17;14/01/2020 18:15:00;Strada Urbana;VIA GOMENIZZA;all'intersezione con;VIA DURAZZO;VIA DURAZZO;;;Veicolo in marcia contro veicolo in sosta;Incrocio;Una carreggiata a doppio senso;Asciutto;Asfaltata;Verticale ed orizzontale;Sereno;Scarso;Buona;Sufficiente;0;0;0;2;12.456;41.9215;-1;3;Autovettura privata;Sosta;;;;;;;
4751990;1;14/01/2020 15:05:00;Strada Urbana;VIALE DELLE TERME DI CARACALLA;all'intersezione semaforizzata con;LARGO CAVALIERI DI COLOMBO;LARGO CAVALIERI DI COLOMBO;;;Investimento di pedone;Intersezione semaforizzata;Pi� di due carreggiate;Asciutto;Asfaltata;Verticale ed orizzontale;Sereno;Normale;Buona;Ore Diurne;2;0;0;1;12.4952;41.8789;-1;;;;Pedone;M;Rimandato;0;NON DECEDUTO;;
4751990;1;14/01/2020 15:05:00;Strada Urbana;VIALE DELLE TERME DI CARACALLA;all'intersezione semaforizzata con;LARGO CAVALIERI DI COLOMBO;LARGO CAVALIERI DI COLOMBO;;;Investimento di pedone;Intersezione semaforizzata;Pi� di due carreggiate;Asciutto;Asfaltata;Verticale ed orizzontale;Sereno;Normale;Buona;Ore Diurne;2;0;0;1;12.4952;41.8789;-1;;;;Pedone;M;Rimandato;0;NON DECEDUTO;;