Protocollo;Gruppo;DataOraIncidente;Localizzazione1;STRADA1;Localizzazione2;STRADA2;Strada02;Chilometrica;DaSpecificare;NaturaIncidente;particolaritastrade;TipoStrada;FondoStradale;Pavimentazione;Segnaletica;CondizioneAtmosferica;Traffico;Visibilita;Illuminazione;NUM_FERITI;NUM_RISERVATA;NUM_MORTI;NUM_ILLESI;Longitude;Latitude;Confermato;Progressivo;TipoVeicolo;StatoVeicolo;TipoPersona;Sesso;Tipolesione;Deceduto;DecedutoDopo;CinturaCascoUtilizzato;Airbag;
4755634;12;16/01/2020 14:30:00;Strada Urbana;VIA DOMENICO JACHINO;in corrispondenza;;del civico n.;171;;Scontro laterale fra veicoli in marcia;Rettilineo;Due carreggiate;Asciutto;Asfaltata;Verticale ed orizzontale;Sereno;Normale;Buona;Ore Diurne;0;0;0;2;12.4489;41.8086;-1;1;Autovettura privata;In marcia / fermata / arresto;Conducente;F;Illeso;0;;;
4755634;12;16/01/2020 14:30:00;Strada Urbana;VIA DOMENICO JACHINO;in corrispondenza;;del civico n.;171;;Scontro laterale fra veicoli in marcia;Rettilineo;Due carreggiate;Asciutto;Asfaltata;Verticale ed orizzontale;Sereno;Normale;Buona;Ore Diurne;0;0;0;2;12.4489;41.8086;-1;2;Motociclo a solo;In marcia / fermata / arresto;Conducente;M;Illeso;0;;Utilizzato;
4755635;4;16/01/2020 12:05:00;Strada Urbana;VIALE CESCO BASEGGIO;all'intersezione con;VIA GIUSEPPE IMER;VIA GIUSEPPE IMER;;;Scontro frontale/laterale SX fra veicoli in marcia;Intersezione stradale segnalata;Due carreggiate;Asciutto;Asfaltata;Verticale ed orizzontale;Sereno;Normale;Buona;Ore Diurne;0;0;0;2;12.5339;41.9671;-1;1;Autovettura privata;In marcia / fermata / arresto;Conducente;F;Illeso;0;;;
4755635;4;16/01/2020 12:05:00;Strada Urbana;VIALE CESCO BASEGGIO;all'intersezione con;VIA GIUSEPPE IMER;VIA GIUSEPPE IMER;;;Scontro frontale/laterale SX fra veicoli in marcia;Intersezione stradale segnalata;Due carreggiate;Asciutto;Asfaltata;Verticale ed orizzontale;Sereno;Normale;Buona;Ore Diurne;0;0;0;2;12.5339;41.9671;-1;2;Autobus di linea;In marcia / fermata / arresto;Conducente;M;Illeso;0;;;
4755637;12;16/01/2020 07:30:00;Strada Urbana;VIA LAURENTINA;da specificare;;;;alt. distributore IP;Scontro laterale fra veicoli in marcia;Rettilineo;Una carreggiata a senso unico di marcia;Bagnato (umidit� in atto);Asfaltata;Verticale ed orizzontale;Sereno;Intenso;Buona;Ore Diurne;0;0;0;2;12.4852;41.8101;-1;1;Autovettura privata;In marcia / fermata / arresto;Conducente;M;Illeso;0;;;
4755637;12;16/01/2020 07:30:00;Strada Urbana;VIA LAURENTINA;da specificare;;;;alt. distributore IP;Scontro laterale fra veicoli in marcia;Rettilineo;Una carreggiata a senso unico di marcia;Bagnato (umidit� in atto);Asfaltata;Verticale ed orizzontale;Sereno;Intenso;Buona;Ore Diurne;0;0;0;2;12.4852;41.8101;-1;2;Motociclo a solo;In marcia / fermata / arresto;Conducente;M;Illeso;0;;;
4755640;5;16/01/2020 17:25:00;Strada Urbana;VIA TIBURTINA;in prossimit�;;del civico n.;1091;;Scontro frontale/laterale SX fra veicoli in marcia;Rettilineo;Due carreggiate;Asciutto;Asfaltata;Verticale;Sereno;Intenso;Buona;Insufficiente;0;0;0;4;12.5864;41.933;-1;1;Autovettura privata;In marcia / fermata / arresto;Conducente;M;Illeso;0;;Non accertato;Inesploso
4755640;5;16/01/2020 17:25:00;Strada Urbana;VIA TIBURTINA;in prossimit�;;del civico n.;1091;;Scontro frontale/laterale SX fra veicoli in marcia;Rettilineo;Due carreggiate;Asciutto;Asfaltata;Verticale;Sereno;Intenso;Buona;Insufficiente;0;0;0;4;12.5864;41.933;-1;1;Autovettura privata;In marcia / fermata / arresto;Passeggero;F;Illeso;0;;Non accertato;Inesploso
4755640;5;16/01/2020 17:25:00;Strada Urbana;VIA TIBURTINA;in prossimit�;;del civico n.;1091;;Scontro frontale/laterale SX fra veicoli in marcia;Rettilineo;Due carreggiate;Asciutto;Asfaltata;Verticale;Sereno;Intenso;Buona;Insufficiente;0;0;0;4;12.5864;41.933;-1;1;Autovettura privata;In marcia / fermata / arresto;Passeggero;F;Illeso;0;;Non accertato;Inesploso
4755640;5;16/01/2020 17:25:00;Strada Urbana;VIA TIBURTINA;in prossimit�;;del civico n.;1091;;Scontro frontale/laterale SX fra veicoli in marcia;Rettilineo;Due carreggiate;Asciutto;Asfaltata;Verticale;Sereno;Intenso;Buona;Insufficiente;0;0;0;4;12.5864;41.933;-1;2;Autobus di linea;In marcia / fermata / arresto;Conducente;M;Illeso;0;;Non accertato;Inesploso
4755641;10;16/01/2020 21:28:00;Strada Urbana;VIA TARANTO;all'intersezione semaforizzata con;VIA MONZA;VIA MONZA;;;Scontro frontale/laterale DX fra veicoli in marcia;Intersezione semaforizzata;Una carreggiata a doppio senso;Asciutto;Asfaltata;Verticale ed orizzontale;Sereno;Normale;Buona;Sufficiente;2;0;0;0;12.515;41.8845;-1;1;Autovettura privata;In marcia / fermata / arresto;Conducente;M;Rimandato;0;NON DECEDUTO;Non accertato;Inesploso
4755641;10;16/01/2020 21:28:00;Strada Urbana;VIA TARANTO;all'intersezione semaforizzata con;VIA MONZA;VIA MONZA;;;Scontro frontale/laterale DX fra veicoli in marcia;Intersezione semaforizzata;Una carreggiata a doppio senso;Asciutto;Asfaltata;Verticale ed orizzontale;Sereno;Normale;Buona;Sufficiente;2;0;0;0;12.515;41.8845;-1;2;Motociclo a solo;In marcia / fermata / arresto;Conducente;M;Ricoverato;0;NON DECEDUTO;Non accertato;
4755649;5;16/01/2020 18:30:00;Strada Urbana;VIA DEI MONTI TIBURTINI;da specificare;;;;FRONTE CIVICO 643;Investimento di pedone;Rettilineo;Due carreggiate;Asciutto;Asfaltata;Orizzontale;Sereno;Normale;Sufficiente;Sufficiente;1;0;0;1;12.5505;41.9146;-1;;;;Pedone;M;Illeso;0;;;
4755649;5;16/01/2020 18:30:00;Strada Urbana;VIA DEI MONTI TIBURTINI;da specificare;;;;FRONTE CIVICO 643;Investimento di pedone;Rettilineo;Due carreggiate;Asciutto;Asfaltata;Orizzontale;Sereno;Normale;Sufficiente;Sufficiente;1;0;0;1;12.5505;41.9146;-1;1;Motociclo a solo;In marcia / fermata / arresto;Conducente;M;Rimandato;0;NON DECEDUTO;Non accertato;
4755651;5;17/01/2020 03:55:00;Strada Urbana;VIA CASTELGUIDONE;in prossimit�;;del civico n.;4;;Veicolo in marcia contro ostacolo fisso;Rettilineo;Una carreggiata a senso unico di marcia;Asciutto;Asfaltata;Assente;Sereno;Scarso;Buona;Sufficiente;0;0;0;2;12.5395;41.8988;-1;1;Autovettura di polizia;In marcia / fermata / arresto;Conducente;M;Illeso;0;;Non accertato;Inesploso
4755651;5;17/01/2020 03:55:00;Strada Urbana;VIA CASTELGUIDONE;in prossimit�;;del civico n.;4;;Veicolo in marcia contro ostacolo fisso;Rettilineo;Una carreggiata a senso unico di marcia;Asciutto;Asfaltata;Assente;Sereno;Scarso;Buona;Sufficiente;0;0;0;2;12.5395;41.8988;-1;1;Autovettura di polizia;In marcia / fermata / arresto;Passeggero;M;Illeso;0;;Non accertato;Inesploso
4755666;15;16/01/2020 19:00:00;Strada Urbana;VIA DELLA MAGLIANA;da specificare;;;;fronte civico 1025;Scontro frontale fra veicoli in marcia;Rettilineo;Una carreggiata a doppio senso;Asciutto;Asfaltata;Verticale ed orizzontale;Sereno;Intenso;Buona;Sufficiente;1;0;0;1;12.4196;41.8317;-1;1;Autovettura privata;In marcia / fermata / arresto;Conducente;F;Illeso;0;;Non accertato;Esploso
4755666;15;16/01/2020 19:00:00;Strada Urbana;VIA DELLA MAGLIANA;da specificare;;;;fronte civico 1025;Scontro frontale fra veicoli in marcia;Rettilineo;Una carreggiata a doppio senso;Asciutto;Asfaltata;Verticale ed orizzontale;Sereno;Intenso;Buona;Sufficiente;1;0;0;1;12.4196;41.8317;-1;2;Autovettura privata;In marcia / fermata / arresto;Conducente;F;Ricoverato;0;NON DECEDUTO;Non accertato;Esploso
4755676;4;16/01/2020 16:10:00;Strada Urbana;VIA DELLE VALLI;da specificare;;;;in prossimit� di via Conca D'Oro;Scontro laterale fra veicoli in marcia;Rettilineo;Due carreggiate;Asciutto;Asfaltata;Verticale ed orizzontale;Sereno;Normale;Buona;Sufficiente;0;0;0;2;12.5241;41.9359;-1;1;Autovettura privata;In marcia / fermata / arresto;Conducente;M;Illeso;0;;Non accertato;Inesploso
4755676;4;16/01/2020 16:10:00;Strada Urbana;VIA DELLE VALLI;da specificare;;;;in prossimit� di via Conca D'Oro;Scontro laterale fra veicoli in marcia;Rettilineo;Due carreggiate;Asciutto;Asfaltata;Verticale ed orizzontale;Sereno;Normale;Buona;Sufficiente;0;0;0;2;12.5241;41.9359;-1;2;Autocarro inferiore 35 q.;In marcia / fermata / arresto;Conducente;M;Illeso;0;;Non accertato;Inesploso
4755677;17;16/01/2020 18:40:00;Strada Urbana;VIA GOMENIZZA;all'intersezione con;VIA TEULADA;VIA TEULADA;;;Veicolo in marcia contro veicolo in sosta;Intersezione stradale segnalata;Una carreggiata a doppio senso;Asciutto;Asfaltata;Verticale ed orizzontale;Sereno;Normale;Buona;Sufficiente;0;0;0;1;12.4546;41.9203;-1;1;Autovettura privata;In marcia / fermata / arresto;Conducente;M;Illeso;0;;;
4755677;17;16/01/2020 18:40:00;Strada Urbana;VIA GOMENIZZA;all'intersezione con;VIA TEULADA;VIA TEULADA;;;Veicolo in marcia contro veicolo in sosta;Intersezione stradale segnalata;Una carreggiata a doppio senso;Asciutto;Asfaltata;Verticale ed orizzontale;Sereno;Normale;Buona;Sufficiente;0;0;0;1;12.4546;41.9203;-1;2;Autovettura privata;Sosta;;;;;;;
4755691;12;16/01/2020 07:40:00;Strada Urbana;VIA LAURENTINA;da specificare;;;;ROTATORIA X VALLERANO;Scontro laterale fra veicoli in marcia;Rotatoria;Una carreggiata a senso unico di marcia;Asciutto;Asfaltata;Verticale ed orizzontale;Sereno;Intenso;Buona;Ore Diurne;0;0;0;2;12.4852;41.8101;-1;1;Autovettura privata;In marcia / fermata / arresto;Conducente;M;Illeso;0;;Utilizzato;Inesploso
4755691;12;16/01/2020 07:40:00;Strada Urbana;VIA LAURENTINA;da specificare;;;;ROTATORIA X VALLERANO;Scontro laterale fra veicoli in marcia;Rotatoria;Una carreggiata a senso unico di marcia;Asciutto;Asfaltata;Verticale ed orizzontale;Sereno;Intenso;Buona;Ore Diurne;0;0;0;2;12.4852;41.8101;-1;2;Autovettura privata;In marcia / fermata / arresto;Conducente;M;Illeso;0;;Utilizzato;Inesploso
4755706;10;17/01/2020 03:00:00;Strada Urbana;VIA ROCCA DI PAPA;all'intersezione con;LARGO FALVATERRA;LARGO FALVATERRA;;;Scontro frontale/laterale SX fra veicoli in marcia;Incrocio;Una carreggiata a doppio senso;Asciutto;Asfaltata;Verticale ed orizzontale;Sereno;Scarso;Sufficiente;Sufficiente;1;0;0;1;12.5341;41.8685;-1;1;Autovettura privata;In marcia / fermata / arresto;Conducente;M;Illeso;0;;Non accertato;Inesploso
4755706;10;17/01/2020 03:00:00;Strada Urbana;VIA ROCCA DI PAPA;all'intersezione con;LARGO FALVATERRA;LARGO FALVATERRA;;;Scontro frontale/laterale SX fra veicoli in marcia;Incrocio;Una carreggiata a doppio senso;Asciutto;Asfaltata;Verticale ed orizzontale;Sereno;Scarso;Sufficiente;Sufficiente;1;0;0;1;12.5341;41.8685;-1;2;Motociclo a solo;In marcia / fermata / arresto;Conducente;M;Rimandato;0;NON DECEDUTO;Non accertato;
4755740;12;16/01/2020 08:15:00;Provinciale;VIA PONTINA  (CARREGGIATA COMPLANARE);da specificare;;;;KM. 15.1 DIR.NE POMEZIA ALT. USCITA TOR DE CENCI;Scontro frontale/laterale DX fra veicoli in marcia;Rettilineo;Due carreggiate;Asciutto;Asfaltata;Verticale ed orizzontale;Sereno;Normale;Buona;Ore Diurne;2;0;0;1;12.4522;41.7941;-1;1;Autovettura privata;In marcia / fermata / arresto;Conducente;M;Illeso;0;;Non accertato;Inesploso
4755740;12;16/01/2020 08:15:00;Provinciale;VIA PONTINA  (CARREGGIATA COMPLANARE);da specificare;;;;KM. 15.1 DIR.NE POMEZIA ALT. USCITA TOR DE CENCI;Scontro frontale/laterale DX fra veicoli in marcia;Rettilineo;Due carreggiate;Asciutto;Asfaltata;Verticale ed orizzontale;Sereno;Normale;Buona;Ore Diurne;2;0;0;1;12.4522;41.7941;-1;2;Autovettura di polizia;In marcia / fermata / arresto;Conducente;M;Rimandato;0;NON DECEDUTO;Non accertato;Inesploso
4755740;12;16/01/2020 08:15:00;Provinciale;VIA PONTINA  (CARREGGIATA COMPLANARE);da specificare;;;;KM. 15.1 DIR.NE POMEZIA ALT. USCITA TOR DE CENCI;Scontro frontale/laterale DX fra veicoli in marcia;Rettilineo;Due carreggiate;Asciutto;Asfaltata;Verticale ed orizzontale;Sereno;Normale;Buona;Ore Diurne;2;0;0;1;12.4522;41.7941;-1;2;Autovettura di polizia;In marcia / fermata / arresto;Passeggero;M;Rimandato;0;NON DECEDUTO;;
4755744;13;15/01/2020 16:10:00;Strada Urbana;VIA OSTIENSE;da specificare;;;;in corrispondenza centro giano via albi ;Tamponamento;Rettilineo;Una carreggiata a doppio senso;Asciutto;Asfaltata;Assente;Sereno;Intenso;Buona;Ore Diurne;0;0;0;6;12.4229;41.8109;-1;1;Autovettura privata;In marcia / fermata / arresto;Conducente;M;Illeso;0;;Non accertato;
4755744;13;15/01/2020 16:10:00;Strada Urbana;VIA OSTIENSE;da specificare;;;;in corrispondenza centro giano via albi ;Tamponamento;Rettilineo;Una carreggiata a doppio senso;Asciutto;Asfaltata;Assente;Sereno;Intenso;Buona;Ore Diurne;0;0;0;6;12.4229;41.8109;-1;1;Autovettura privata;In marcia / fermata / arresto;Passeggero;F;Illeso;0;;;
4755744;13;15/01/2020 16:10:00;Strada Urbana;VIA OSTIENSE;da specificare;;;;in corrispondenza centro giano via albi ;Tamponamento;Rettilineo;Una carreggiata a doppio senso;Asciutto;Asfaltata;Assente;Sereno;Intenso;Buona;Ore Diurne;0;0;0;6;12.4229;41.8109;-1;1;Autovettura privata;In marcia / fermata / arresto;Passeggero;F;Illeso;0;;;
4755744;13;15/01/2020 16:10:00;Strada Urbana;VIA OSTIENSE;da specificare;;;;in corrispondenza centro giano via albi ;Tamponamento;Rettilineo;Una carreggiata a doppio senso;Asciutto;Asfaltata;Assente;Sereno;Intenso;Buona;Ore Diurne;0;0;0;6;12.4229;41.8109;-1;1;Autovettura privata;In marcia / fermata / arresto;Passeggero;M;Illeso;0;;;
4755744;13;15/01/2020 16:10:00;Strada Urbana;VIA OSTIENSE;da specificare;;;;in corrispondenza centro giano via albi ;Tamponamento;Rettilineo;Una carreggiata a doppio senso;Asciutto;Asfaltata;Assente;Sereno;Intenso;Buona;Ore Diurne;0;0;0;6;12.4229;41.8109;-1;2;Autovettura privata;In marcia / fermata / arresto;Conducente;M;Illeso;0;;;
4755744;13;15/01/2020 16:10:00;Strada Urbana;VIA OSTIENSE;da specificare;;;;in corrispondenza centro giano via albi ;Tamponamento;Rettilineo;Una carreggiata a doppio senso;Asciutto;Asfaltata;Assente;Sereno;Intenso;Buona;Ore Diurne;0;0;0;6;12.4229;41.8109;-1;2;Autovettura privata;In marcia / fermata / arresto;Passeggero;M;Illeso;0;;;
4755749;20;17/01/2020 08:40:00;Strada Urbana;VIA CASSIA;in prossimit�;;del civico n.;1294;;Tamponamento;Rettilineo;Due carreggiate;Asciutto;Asfaltata;Orizzontale;Sereno;Intenso;Buona;Ore Diurne;1;0;0;2;12.4069;41.9851;-1;1;Autovettura privata;In marcia / fermata / arresto;Conducente;M;Rimandato;0;NON DECEDUTO;Non accertato;Inesploso
4755749;20;17/01/2020 08:40:00;Strada Urbana;VIA CASSIA;in prossimit�;;del civico n.;1294;;Tamponamento;Rettilineo;Due carreggiate;Asciutto;Asfaltata;Orizzontale;Sereno;Intenso;Buona;Ore Diurne;1;0;0;2;12.4069;41.9851;-1;1;Autovettura privata;In marcia / fermata / arresto;Passeggero;F;Illeso;0;;Non accertato;Inesploso
4755749;20;17/01/2020 08:40:00;Strada Urbana;VIA CASSIA;in prossimit�;;del civico n.;1294;;Tamponamento;Rettilineo;Due carreggiate;Asciutto;Asfaltata;Orizzontale;Sereno;Intenso;Buona;Ore Diurne;1;0;0;2;12.4069;41.9851;-1;2;Autovettura privata;In marcia / fermata / arresto;Conducente;M;Illeso;0;;Non accertato;Inesploso
4755761;4;16/01/2020 20:00:00;Provinciale;VIA NOMENTANA;in corrispondenza;;della chilometrica;16.5;;Scontro frontale/laterale SX fra veicoli in marcia;Rettilineo;Una carreggiata a doppio senso;Asciutto;Asfaltata;Verticale ed orizzontale;Sereno;Normale;Insufficiente;Insufficiente;1;0;0;0;12.5728;41.9579;-1;1;Autovettura privata;In marcia / fermata / arresto;Conducente;M;Rimandato;0;NON DECEDUTO;Non accertato;
4755761;4;16/01/2020 20:00:00;Provinciale;VIA NOMENTANA;in corrispondenza;;della chilometrica;16.5;;Scontro frontale/laterale SX fra veicoli in marcia;Rettilineo;Una carreggiata a doppio senso;Asciutto;Asfaltata;Verticale ed orizzontale;Sereno;Normale;Insufficiente;Insufficiente;1;0;0;0;12.5728;41.9579;-1;2;Autovettura privata;In marcia / fermata / arresto;;;;;;;
4755774;18;17/01/2020 08:30:00;Strada Urbana;PIAZZA DI VILLA CARPEGNA;in prossimit�;;del civico n.;36;;Tamponamento;Rettilineo;Due carreggiate;Asciutto;Asfaltata;Verticale ed orizzontale;Sereno;Normale;Buona;Ore Diurne;1;0;0;1;12.4296;41.8957;-1;1;Autovettura privata;In marcia / fermata / arresto;Conducente;F;Illeso;0;;Non accertato;Inesploso
4755774;18;17/01/2020 08:30:00;Strada Urbana;PIAZZA DI VILLA CARPEGNA;in prossimit�;;del civico n.;36;;Tamponamento;Rettilineo;Due carreggiate;Asciutto;Asfaltata;Verticale ed orizzontale;Sereno;Normale;Buona;Ore Diurne;1;0;0;1;12.4296;41.8957;-1;2;Autovettura privata;In marcia / fermata / arresto;Conducente;F;Rifiuta cure immediate;0;NON DECEDUTO;Non accertato;Inesploso
4755800;17;16/01/2020 14:05:00;Strada Urbana;LARGO GIOVANNI XXIII;da specificare;;;;VIA DELLA CONCILIAZIONE;Scontro laterale fra veicoli in marcia;Rettilineo;Una carreggiata a senso unico di marcia;Asciutto;Asfaltata;Verticale ed orizzontale;Sereno;Normale;Buona;Ore Diurne;1;0;0;1;12.4644;41.9023;-1;1;Autovettura privata;In marcia / fermata / arresto;Conducente;M;Illeso;0;;;
4755800;17;16/01/2020 14:05:00;Strada Urbana;LARGO GIOVANNI XXIII;da specificare;;;;VIA DELLA CONCILIAZIONE;Scontro laterale fra veicoli in marcia;Rettilineo;Una carreggiata a senso unico di marcia;Asciutto;Asfaltata;Verticale ed orizzontale;Sereno;Normale;Buona;Ore Diurne;1;0;0;1;12.4644;41.9023;-1;2;Motociclo a solo;In marcia / fermata / arresto;Conducente;F;Rimandato;0;NON DECEDUTO;;
4755816;2;16/01/2020 13:30:00;Strada Urbana;CORSO D'ITALIA;da specificare;;;;all'altezza di Via S.Teresa D'Avila.;Scontro laterale fra veicoli in marcia;Rettilineo;Una carreggiata a senso unico di marcia;Asciutto;Asfaltata;Verticale;Sereno;Normale;Buona;Ore Diurne;0;0;0;2;12.4971;41.9109;-1;1;Autovettura privata;In marcia / fermata / arresto;Conducente;M;Illeso;0;;Non accertato;Inesploso
4755816;2;16/01/2020 13:30:00;Strada Urbana;CORSO D'ITALIA;da specificare;;;;all'altezza di Via S.Teresa D'Avila.;Scontro laterale fra veicoli in marcia;Rettilineo;Una carreggiata a senso unico di marcia;Asciutto;Asfaltata;Verticale;Sereno;Normale;Buona;Ore Diurne;0;0;0;2;12.4971;41.9109;-1;2;Motociclo a solo;In marcia / fermata / arresto;Conducente;M;Illeso;0;;Non accertato;
4755827;2;16/01/2020 15:00:00;Strada Urbana;VIALE SOMALIA;all'intersezione con;VIA NICOLO' PICCINNI;VIA NICOLO' PICCINNI;;;Scontro laterale fra veicoli in marcia;Intersezione stradale segnalata;Una carreggiata a doppio senso;Asciutto;Asfaltata;Verticale ed orizzontale;Sereno;Normale;Buona;Ore Diurne;0;0;0;3;12.5151;41.936;-1;1;Autovettura privata;In marcia / fermata / arresto;Conducente;F;Illeso;0;;Non accertato;Inesploso
4755827;2;16/01/2020 15:00:00;Strada Urbana;VIALE SOMALIA;all'intersezione con;VIA NICOLO' PICCINNI;VIA NICOLO' PICCINNI;;;Scontro laterale fra veicoli in marcia;Intersezione stradale segnalata;Una carreggiata a doppio senso;Asciutto;Asfaltata;Verticale ed orizzontale;Sereno;Normale;Buona;Ore Diurne;0;0;0;3;12.5151;41.936;-1;2;Ciclomotore;In marcia / fermata / arresto;Conducente;F;Illeso;0;;Non accertato;
4755827;2;16/01/2020 15:00:00;Strada Urbana;VIALE SOMALIA;all'intersezione con;VIA NICOLO' PICCINNI;VIA NICOLO' PICCINNI;;;Scontro laterale fra veicoli in marcia;Intersezione stradale segnalata;Una carreggiata a doppio senso;Asciutto;Asfaltata;Verticale ed orizzontale;Sereno;Normale;Buona;Ore Diurne;0;0;0;3;12.5151;41.936;-1;2;Ciclomotore;In marcia / fermata / arresto;Passeggero;M;Illeso;0;;Non accertato;
4755830;2;16/01/2020 07:00:00;Strada Urbana;VIA SALARIA;da specificare;;;;civico 253;Scontro laterale fra veicoli in marcia;Rettilineo;Una carreggiata a doppio senso;Asciutto;Asfaltata;Verticale ed orizzontale;Sereno;Normale;Buona;Ore Diurne;0;0;0;3;12.5024;41.9232;-1;1;Autovettura privata;In marcia / fermata / arresto;Conducente;M;Illeso;0;;;
4755830;2;16/01/2020 07:00:00;Strada Urbana;VIA SALARIA;da specificare;;;;civico 253;Scontro laterale fra veicoli in marcia;Rettilineo;Una carreggiata a doppio senso;Asciutto;Asfaltata;Verticale ed orizzontale;Sereno;Normale;Buona;Ore Diurne;0;0;0;3;12.5024;41.9232;-1;1;Autovettura privata;In marcia / fermata / arresto;Passeggero;M;Illeso;0;;;
4755830;2;16/01/2020 07:00:00;Strada Urbana;VIA SALARIA;da specificare;;;;civico 253;Scontro laterale fra veicoli in marcia;Rettilineo;Una carreggiata a doppio senso;Asciutto;Asfaltata;Verticale ed orizzontale;Sereno;Normale;Buona;Ore Diurne;0;0;0;3;12.5024;41.9232;-1;2;Autovettura privata;In marcia / fermata / arresto;Conducente;M;Illeso;0;;;
4755844;2;16/01/2020 09:40:00;Strada Urbana;VIA REGGIO EMILIA;in prossimit�;;del civico n.;53;;Investimento di pedone;Rettilineo;Una carreggiata a senso unico di marcia;Asciutto;Asfaltata;Verticale ed orizzontale;Sereno;Normale;Buona;Ore Diurne;1;0;0;2;12.5031;41.9121;-1;;;;Pedone;F;Rimandato;0;NON DECEDUTO;;
4755844;2;16/01/2020 09:40:00;Strada Urbana;VIA REGGIO EMILIA;in prossimit�;;del civico n.;53;;Investimento di pedone;Rettilineo;Una carreggiata a senso unico di marcia;Asciutto;Asfaltata;Verticale ed orizzontale;Sereno;Normale;Buona;Ore Diurne;1;0;0;2;12.5031;41.9121;-1;1;Autocarro inferiore 35 q.;In marcia / fermata / arresto;Conducente;M;Illeso;0;;;
4755844;2;16/01/2020 09:40:00;Strada Urbana;VIA REGGIO EMILIA;in prossimit�;;del civico n.;53;;Investimento di pedone;Rettilineo;Una carreggiata a senso unico di marcia;Asciutto;Asfaltata;Verticale ed orizzontale;Sereno;Normale;Buona;Ore Diurne;1;0;0;2;12.5031;41.9121;-1;1;Autocarro inferiore 35 q.;In marcia / fermata / arresto;Passeggero;M;Illeso;0;;Non accertato;
4755851;2;16/01/2020 18:30:00;Strada Urbana;VIA EUGENIO VAJNA;in prossimit�;;del civico n.;1;;Veicolo in marcia contro veicolo in sosta;Rettilineo;Una carreggiata a senso unico di marcia;Asciutto;Asfaltata;Orizzontale;Sereno;Scarso;Sufficiente;Sufficiente;0;0;0;0;12.4878;41.9297;-1;1;Ciclomotore;Sosta;;;;;;;
4755856;2;16/01/2020 20:15:00;Strada Urbana;VIA NOVARA;in prossimit�;;del civico n.;23;;Scontro laterale fra veicoli in marcia;Rettilineo;Una carreggiata a senso unico di marcia;Asciutto;Asfaltata;Verticale ed orizzontale;Sereno;Scarso;Sufficiente;Sufficiente;0;0;0;2;12.507;41.9141;-1;1;Autovettura privata;In marcia / fermata / arresto;Conducente;M;Illeso;0;;;
4755856;2;16/01/2020 20:15:00;Strada Urbana;VIA NOVARA;in prossimit�;;del civico n.;23;;Scontro laterale fra veicoli in marcia;Rettilineo;Una carreggiata a senso unico di marcia;Asciutto;Asfaltata;Verticale ed orizzontale;Sereno;Scarso;Sufficiente;Sufficiente;0;0;0;2;12.507;41.9141;-1;2;Velocipede;In marcia / fermata / arresto;Conducente;M;Illeso;0;;Esente;
4755935;4;16/01/2020 15:30:00;Strada Urbana;VIA CARLO LORENZINI;in corrispondenza;;del civico n.;18;;Veicolo in marcia contro veicoli in sosta;Rettilineo;Una carreggiata a senso unico di marcia;Asciutto;Asfaltata;Verticale ed orizzontale;Sereno;Normale;Buona;Ore Diurne;0;0;0;1;12.5568;41.9438;-1;1;Autovettura privata;In marcia / fermata / arresto;Conducente;M;Illeso;0;;Non accertato;Inesploso
4755935;4;16/01/2020 15:30:00;Strada Urbana;VIA CARLO LORENZINI;in corrispondenza;;del civico n.;18;;Veicolo in marcia contro veicoli in sosta;Rettilineo;Una carreggiata a senso unico di marcia;Asciutto;Asfaltata;Verticale ed orizzontale;Sereno;Normale;Buona;Ore Diurne;0;0;0;1;12.5568;41.9438;-1;2;Autovettura privata;Sosta;;;;;;;
4755957;16;16/01/2020 17:50:00;Strada Urbana;VIA DI DONNA OLIMPIA;in prossimit�;;del civico n.;201;;Veicolo in marcia contro veicolo in sosta;Rettilineo;Una carreggiata a doppio senso;Asciutto;Asfaltata;Verticale ed orizzontale;Sereno;Normale;Buona;Sufficiente;0;0;0;1;12.4554;41.8748;-1;1;Autovettura privata;In marcia / fermata / arresto;Conducente;M;Illeso;0;;Non accertato;
4755957;16;16/01/2020 17:50:00;Strada Urbana;VIA DI DONNA OLIMPIA;in prossimit�;;del civico n.;201;;Veicolo in marcia contro veicolo in sosta;Rettilineo;Una carreggiata a doppio senso;Asciutto;Asfaltata;Verticale ed orizzontale;Sereno;Normale;Buona;Sufficiente;0;0;0;1;12.4554;41.8748;-1;2;Autovettura privata;Sosta;;;;;;;
4755981;9;13/01/2020 11:30:00;Strada Urbana;VIA AOSTA;all'intersezione con;PIAZZA DEI RE DI ROMA;PIAZZA DEI RE DI ROMA;;;Veicolo in marcia contro veicolo arresto;Rotatoria;Una carreggiata a senso unico di marcia;Asciutto;Asfaltata;Assente;Sereno;Intenso;Buona;Ore Diurne;0;0;0;2;12.5143;41.8825;-1;1;Autovettura privata;In marcia / fermata / arresto;Conducente;M;Illeso;0;;;
4755981;9;13/01/2020 11:30:00;Strada Urbana;VIA AOSTA;all'intersezione con;PIAZZA DEI RE DI ROMA;PIAZZA DEI RE DI ROMA;;;Veicolo in marcia contro veicolo arresto;Rotatoria;Una carreggiata a senso unico di marcia;Asciutto;Asfaltata;Assente;Sereno;Intenso;Buona;Ore Diurne;0;0;0;2;12.5143;41.8825;-1;2;Autovettura privata;In marcia / fermata / arresto;Conducente;M;Illeso;0;;Non accertato;Inesploso