Protocollo;Gruppo;DataOraIncidente;Localizzazione1;STRADA1;Localizzazione2;STRADA2;Strada02;Chilometrica;DaSpecificare;NaturaIncidente;particolaritastrade;TipoStrada;FondoStradale;Pavimentazione;Segnaletica;CondizioneAtmosferica;Traffico;Visibilita;Illuminazione;NUM_FERITI;NUM_RISERVATA;NUM_MORTI;NUM_ILLESI;Longitude;Latitude;Confermato;Progressivo;TipoVeicolo;StatoVeicolo;TipoPersona;Sesso;Tipolesione;Deceduto;DecedutoDopo;CinturaCascoUtilizzato;Airbag;
4763647;4;21/01/2020 17:35:00;Strada Urbana;VIALE CARMELO BENE;da specificare;;;;fermata Atac n. 81849;Investimento di pedone;Rettilineo;Pi� di due carreggiate;Asciutto;Asfaltata;Verticale ed orizzontale;Sereno;Normale;Buona;Sufficiente;1;0;0;1;12.5368;41.9724;-1;;;;Pedone;M;Rimandato;0;NON DECEDUTO;;
4763647;4;21/01/2020 17:35:00;Strada Urbana;VIALE CARMELO BENE;da specificare;;;;fermata Atac n. 81849;Investimento di pedone;Rettilineo;Pi� di due carreggiate;Asciutto;Asfaltata;Verticale ed orizzontale;Sereno;Normale;Buona;Sufficiente;1;0;0;1;12.5368;41.9724;-1;1;Autovettura privata;In marcia / fermata / arresto;Conducente;F;Illeso;0;;;
4763712;7;22/01/2020 11:30:00;Strada Urbana;VIA PRENESTINA;all'intersezione con;VIA EMILIO LONGONI;VIA EMILIO LONGONI;;;Scontro laterale fra veicoli in marcia;Rotatoria;Una carreggiata a senso unico di marcia;Asciutto;Asfaltata;Orizzontale;Sereno;Intenso;Buona;Ore Diurne;0;0;0;3;12.6043;41.8934;-1;1;Autovettura privata;In marcia / fermata / arresto;Conducente;M;Illeso;0;;;
4763712;7;22/01/2020 11:30:00;Strada Urbana;VIA PRENESTINA;all'intersezione con;VIA EMILIO LONGONI;VIA EMILIO LONGONI;;;Scontro laterale fra veicoli in marcia;Rotatoria;Una carreggiata a senso unico di marcia;Asciutto;Asfaltata;Orizzontale;Sereno;Intenso;Buona;Ore Diurne;0;0;0;3;12.6043;41.8934;-1;1;Autovettura privata;In marcia / fermata / arresto;Passeggero;F;Illeso;0;;Non accertato;Inesploso
4763712;7;22/01/2020 11:30:00;Strada Urbana;VIA PRENESTINA;all'intersezione con;VIA EMILIO LONGONI;VIA EMILIO LONGONI;;;Scontro laterale fra veicoli in marcia;Rotatoria;Una carreggiata a senso unico di marcia;Asciutto;Asfaltata;Orizzontale;Sereno;Intenso;Buona;Ore Diurne;0;0;0;3;12.6043;41.8934;-1;2;Autoarticolato;In marcia / fermata / arresto;Conducente;M;Illeso;0;;;
4763736;1;21/01/2020 19:20:00;Strada Urbana;SALITA DEL GRILLO;in corrispondenza;;del civico n.;10;;Veicolo in marcia contro ostacolo accidentale;Rettilineo;Una carreggiata a senso unico di marcia;Asciutto;Asfaltata;Verticale ed orizzontale;Sereno;Normale;Buona;Sufficiente;0;0;0;1;12.487;41.8956;-1;1;Autovettura privata;In marcia / fermata / arresto;Conducente;M;Illeso;0;;;
4763755;1;08/01/2020 17:00:00;Strada Urbana;PIAZZALE NUMA POMPILIO;da specificare;;;;porta san sebastiano;Scontro laterale fra veicoli in marcia;Rettilineo;Pi� di due carreggiate;Asciutto;Asfaltata;Verticale ed orizzontale;Sereno;Normale;Buona;Ore Diurne;0;0;0;1;12.4957;41.8796;-1;1;Autovettura pubblica;In marcia / fermata / arresto;Conducente;M;Illeso;0;;;
4763755;1;08/01/2020 17:00:00;Strada Urbana;PIAZZALE NUMA POMPILIO;da specificare;;;;porta san sebastiano;Scontro laterale fra veicoli in marcia;Rettilineo;Pi� di due carreggiate;Asciutto;Asfaltata;Verticale ed orizzontale;Sereno;Normale;Buona;Ore Diurne;0;0;0;1;12.4957;41.8796;-1;2;Autovettura privata;In marcia / fermata / arresto;;;;;;;
4763804;7;22/01/2020 11:45:00;Strada Urbana;VIA PRENESTINA;all'intersezione con;VIA MARISA BELLISARIO;VIA MARISA BELLISARIO;;;Scontro laterale fra veicoli in marcia;Rotatoria;Una carreggiata a senso unico di marcia;Asciutto;Asfaltata;Orizzontale;Sereno;Intenso;Buona;Ore Diurne;0;0;0;3;12.6039;41.8929;-1;1;Autoarticolato;In marcia / fermata / arresto;Conducente;M;Illeso;0;;;
4763804;7;22/01/2020 11:45:00;Strada Urbana;VIA PRENESTINA;all'intersezione con;VIA MARISA BELLISARIO;VIA MARISA BELLISARIO;;;Scontro laterale fra veicoli in marcia;Rotatoria;Una carreggiata a senso unico di marcia;Asciutto;Asfaltata;Orizzontale;Sereno;Intenso;Buona;Ore Diurne;0;0;0;3;12.6039;41.8929;-1;2;Autovettura privata;In marcia / fermata / arresto;Conducente;M;Illeso;0;;;
4763804;7;22/01/2020 11:45:00;Strada Urbana;VIA PRENESTINA;all'intersezione con;VIA MARISA BELLISARIO;VIA MARISA BELLISARIO;;;Scontro laterale fra veicoli in marcia;Rotatoria;Una carreggiata a senso unico di marcia;Asciutto;Asfaltata;Orizzontale;Sereno;Intenso;Buona;Ore Diurne;0;0;0;3;12.6039;41.8929;-1;2;Autovettura privata;In marcia / fermata / arresto;Passeggero;M;Illeso;0;;Non accertato;Inesploso
4763810;1;22/01/2020 09:35:00;Strada Urbana;LARGO DELLE TERME DI CARACALLA;da specificare;;;;prossimit� FORNICI;Scontro laterale fra veicoli in marcia;Strettoia;Una carreggiata a doppio senso;Asciutto;Asfaltata;Verticale ed orizzontale;Sereno;Normale;Buona;Ore Diurne;0;0;0;2;12.4964;41.8734;-1;1;Autovettura privata;In marcia / fermata / arresto;Conducente;M;Illeso;0;;Non accertato;Inesploso
4763810;1;22/01/2020 09:35:00;Strada Urbana;LARGO DELLE TERME DI CARACALLA;da specificare;;;;prossimit� FORNICI;Scontro laterale fra veicoli in marcia;Strettoia;Una carreggiata a doppio senso;Asciutto;Asfaltata;Verticale ed orizzontale;Sereno;Normale;Buona;Ore Diurne;0;0;0;2;12.4964;41.8734;-1;2;Autovettura privata;In marcia / fermata / arresto;Conducente;M;Illeso;0;;Non accertato;Inesploso
4763812;16;21/01/2020 08:40:00;Strada Urbana;PIAZZALE ENRICO DUNANT;in corrispondenza;;del civico n.;10;;Investimento di pedone;Rettilineo;Due carreggiate;Asciutto;Asfaltata;Verticale ed orizzontale;Sereno;Normale;Buona;Ore Diurne;1;0;0;1;12.4587;41.8723;-1;;;;Pedone;F;Rimandato;0;NON DECEDUTO;;
4763812;16;21/01/2020 08:40:00;Strada Urbana;PIAZZALE ENRICO DUNANT;in corrispondenza;;del civico n.;10;;Investimento di pedone;Rettilineo;Due carreggiate;Asciutto;Asfaltata;Verticale ed orizzontale;Sereno;Normale;Buona;Ore Diurne;1;0;0;1;12.4587;41.8723;-1;1;Autovettura privata;In marcia / fermata / arresto;Conducente;M;Illeso;0;;Non accertato;Inesploso
4763826;16;21/01/2020 12:00:00;Strada Urbana;VIALE DEI COLLI PORTUENSI;all'intersezione con;VIA ISACCO ARTOM;VIA ISACCO ARTOM;;;Tamponamento;Incrocio;Due carreggiate;Asciutto;Asfaltata;Verticale ed orizzontale;Sereno;Normale;Buona;Ore Diurne;1;0;0;1;12.4447;41.8569;-1;1;Autovettura privata;In marcia / fermata / arresto;Conducente;M;Illeso;0;;Non accertato;Inesploso
4763826;16;21/01/2020 12:00:00;Strada Urbana;VIALE DEI COLLI PORTUENSI;all'intersezione con;VIA ISACCO ARTOM;VIA ISACCO ARTOM;;;Tamponamento;Incrocio;Due carreggiate;Asciutto;Asfaltata;Verticale ed orizzontale;Sereno;Normale;Buona;Ore Diurne;1;0;0;1;12.4447;41.8569;-1;2;Motociclo a solo;In marcia / fermata / arresto;Conducente;M;Rimandato;0;NON DECEDUTO;;
4763840;16;21/01/2020 12:50:00;Strada Urbana;VIALE DEI QUATTRO VENTI;da specificare;;;;fronte civico 214;Tamponamento;Rettilineo;Una carreggiata a doppio senso;Asciutto;Asfaltata;Orizzontale;Sereno;Normale;Buona;Ore Diurne;1;0;0;2;12.4585;41.8796;-1;1;Autovettura privata;In marcia / fermata / arresto;Conducente;M;Illeso;0;;Non accertato;
4763840;16;21/01/2020 12:50:00;Strada Urbana;VIALE DEI QUATTRO VENTI;da specificare;;;;fronte civico 214;Tamponamento;Rettilineo;Una carreggiata a doppio senso;Asciutto;Asfaltata;Orizzontale;Sereno;Normale;Buona;Ore Diurne;1;0;0;2;12.4585;41.8796;-1;2;Motociclo con passeggero;In marcia / fermata / arresto;Conducente;M;Rimandato;0;NON DECEDUTO;Non accertato;
4763840;16;21/01/2020 12:50:00;Strada Urbana;VIALE DEI QUATTRO VENTI;da specificare;;;;fronte civico 214;Tamponamento;Rettilineo;Una carreggiata a doppio senso;Asciutto;Asfaltata;Orizzontale;Sereno;Normale;Buona;Ore Diurne;1;0;0;2;12.4585;41.8796;-1;2;Motociclo con passeggero;In marcia / fermata / arresto;Passeggero;F;Illeso;0;;Non accertato;
4763888;1;21/01/2020 17:50:00;Strada Urbana;PIAZZA DI TREVI;in prossimit�;;del civico n.;93;;Investimento di pedone;Rettilineo;Una carreggiata a doppio senso;Asciutto;In cubetti di porfido;Verticale;Sereno;Scarso;Sufficiente;Sufficiente;1;0;0;1;12.4834;41.9007;-1;;;;Pedone;F;Rimandato;0;NON DECEDUTO;;
4763888;1;21/01/2020 17:50:00;Strada Urbana;PIAZZA DI TREVI;in prossimit�;;del civico n.;93;;Investimento di pedone;Rettilineo;Una carreggiata a doppio senso;Asciutto;In cubetti di porfido;Verticale;Sereno;Scarso;Sufficiente;Sufficiente;1;0;0;1;12.4834;41.9007;-1;1;Autovettura di polizia;In marcia / fermata / arresto;Conducente;M;Illeso;0;;Non accertato;Inesploso
4764025;1;22/01/2020 09:50:00;Strada Urbana;PIAZZA VENEZIA;da specificare;;;;fronte altare della patria;Tamponamento;Rotatoria;Una carreggiata a senso unico di marcia;Asciutto;In cubetti di porfido;Verticale;Sereno;Intenso;Buona;Ore Diurne;0;0;0;2;12.4826;41.8958;-1;1;Autocarro superiore 35 q.;In marcia / fermata / arresto;Conducente;M;Illeso;0;;Non accertato;Inesploso
4764025;1;22/01/2020 09:50:00;Strada Urbana;PIAZZA VENEZIA;da specificare;;;;fronte altare della patria;Tamponamento;Rotatoria;Una carreggiata a senso unico di marcia;Asciutto;In cubetti di porfido;Verticale;Sereno;Intenso;Buona;Ore Diurne;0;0;0;2;12.4826;41.8958;-1;2;Autovettura privata;In marcia / fermata / arresto;Conducente;F;Illeso;0;;Non accertato;Inesploso
4764038;13;22/01/2020 09:40:00;Strada Urbana;VIALE CRISTOFORO COLOMBO;da specificare;;;;prossimit� via di acilia direz. GRA centrale;Tamponamento;Rettilineo;Pi� di due carreggiate;Asciutto;Asfaltata;Verticale ed orizzontale;Sereno;Normale;Buona;Ore Diurne;0;0;0;2;12.4536;41.8089;-1;1;Autovettura privata;In marcia / fermata / arresto;Conducente;M;Illeso;0;;;
4764038;13;22/01/2020 09:40:00;Strada Urbana;VIALE CRISTOFORO COLOMBO;da specificare;;;;prossimit� via di acilia direz. GRA centrale;Tamponamento;Rettilineo;Pi� di due carreggiate;Asciutto;Asfaltata;Verticale ed orizzontale;Sereno;Normale;Buona;Ore Diurne;0;0;0;2;12.4536;41.8089;-1;2;Autovettura privata;In marcia / fermata / arresto;Conducente;M;Illeso;0;;;
4764050;11;22/01/2020 11:40:00;Strada Urbana;VIA DI TOR CARBONE;in prossimit�;;del civico n.;171;;Infortunio per caduta del veicolo;Rettilineo;Una carreggiata a doppio senso;Asciutto;Asfaltata;Orizzontale;Sereno;Normale;Buona;Ore Diurne;1;0;0;1;12.5297;41.826;-1;1;Motociclo con passeggero;In marcia / fermata / arresto;Conducente;M;Illeso;0;;Non accertato;
4764050;11;22/01/2020 11:40:00;Strada Urbana;VIA DI TOR CARBONE;in prossimit�;;del civico n.;171;;Infortunio per caduta del veicolo;Rettilineo;Una carreggiata a doppio senso;Asciutto;Asfaltata;Orizzontale;Sereno;Normale;Buona;Ore Diurne;1;0;0;1;12.5297;41.826;-1;1;Motociclo con passeggero;In marcia / fermata / arresto;Passeggero;M;Rimandato;0;NON DECEDUTO;Non accertato;
4764077;18;22/01/2020 14:15:00;Strada Urbana;VIA DI TORREVECCHIA;in corrispondenza;;del civico n.;694 A;;Scontro laterale fra veicoli in marcia;Rettilineo;Una carreggiata a doppio senso;Asciutto;Asfaltata;Verticale ed orizzontale;Sereno;Normale;Buona;Ore Diurne;1;0;0;2;12.4092;41.9186;-1;1;Autovettura privata;In marcia / fermata / arresto;Conducente;F;Illeso;0;;Non accertato;Inesploso
4764077;18;22/01/2020 14:15:00;Strada Urbana;VIA DI TORREVECCHIA;in corrispondenza;;del civico n.;694 A;;Scontro laterale fra veicoli in marcia;Rettilineo;Una carreggiata a doppio senso;Asciutto;Asfaltata;Verticale ed orizzontale;Sereno;Normale;Buona;Ore Diurne;1;0;0;2;12.4092;41.9186;-1;1;Autovettura privata;In marcia / fermata / arresto;Passeggero;F;Illeso;0;;Non accertato;Inesploso
4764077;18;22/01/2020 14:15:00;Strada Urbana;VIA DI TORREVECCHIA;in corrispondenza;;del civico n.;694 A;;Scontro laterale fra veicoli in marcia;Rettilineo;Una carreggiata a doppio senso;Asciutto;Asfaltata;Verticale ed orizzontale;Sereno;Normale;Buona;Ore Diurne;1;0;0;2;12.4092;41.9186;-1;2;Motociclo a solo;In marcia / fermata / arresto;Conducente;F;Rimandato;0;NON DECEDUTO;Non accertato;
4764118;15;22/01/2020 08:45:00;Strada Urbana;VIADOTTO DELLA MAGLIANA;da specificare;;;;PROSSIMITA' ALTEZZA RAMPA DIREZIONE EUR;Scontro laterale fra veicoli in marcia;Rettilineo;Una carreggiata a senso unico di marcia;Asciutto;Asfaltata;Verticale;Sereno;Intenso;Buona;Ore Diurne;0;0;0;2;12.4633;41.8419;-1;1;Autobus di linea;In marcia / fermata / arresto;Conducente;M;Illeso;0;;Non accertato;Inesploso
4764118;15;22/01/2020 08:45:00;Strada Urbana;VIADOTTO DELLA MAGLIANA;da specificare;;;;PROSSIMITA' ALTEZZA RAMPA DIREZIONE EUR;Scontro laterale fra veicoli in marcia;Rettilineo;Una carreggiata a senso unico di marcia;Asciutto;Asfaltata;Verticale;Sereno;Intenso;Buona;Ore Diurne;0;0;0;2;12.4633;41.8419;-1;2;Autovettura privata;In marcia / fermata / arresto;Conducente;M;Illeso;0;;Non accertato;Inesploso
4764137;1;22/01/2020 10:10:00;Strada Urbana;VIA DEGLI ANNIBALDI;in prossimit�;;del palo luce n.;4;;Tamponamento Multiplo;Rettilineo;Una carreggiata a senso unico di marcia;Asciutto;Asfaltata;Verticale ed orizzontale;Sereno;Normale;Buona;Ore Diurne;1;0;0;2;12.4915;41.8929;-1;1;Autovettura privata;In marcia / fermata / arresto;Conducente;F;Illeso;0;;;
4764137;1;22/01/2020 10:10:00;Strada Urbana;VIA DEGLI ANNIBALDI;in prossimit�;;del palo luce n.;4;;Tamponamento Multiplo;Rettilineo;Una carreggiata a senso unico di marcia;Asciutto;Asfaltata;Verticale ed orizzontale;Sereno;Normale;Buona;Ore Diurne;1;0;0;2;12.4915;41.8929;-1;2;Autovettura privata;In marcia / fermata / arresto;Conducente;F;Rifiuta cure immediate;0;NON DECEDUTO;;
4764137;1;22/01/2020 10:10:00;Strada Urbana;VIA DEGLI ANNIBALDI;in prossimit�;;del palo luce n.;4;;Tamponamento Multiplo;Rettilineo;Una carreggiata a senso unico di marcia;Asciutto;Asfaltata;Verticale ed orizzontale;Sereno;Normale;Buona;Ore Diurne;1;0;0;2;12.4915;41.8929;-1;3;Autocarro inferiore 35 q.;In marcia / fermata / arresto;Conducente;M;Illeso;0;;;
4764181;15;22/01/2020 09:30:00;Strada Urbana;VIA DELLA MAGLIANA NUOVA;da specificare;;;;FRONTE CIVICO 166;Scontro laterale fra veicoli in marcia;Rettilineo;Una carreggiata a doppio senso;Asciutto;Asfaltata;Verticale ed orizzontale;Sereno;Normale;Buona;Ore Diurne;0;0;0;3;12.4567;41.8494;-1;1;Autovettura privata;In marcia / fermata / arresto;Conducente;F;Illeso;0;;Non accertato;Inesploso
4764181;15;22/01/2020 09:30:00;Strada Urbana;VIA DELLA MAGLIANA NUOVA;da specificare;;;;FRONTE CIVICO 166;Scontro laterale fra veicoli in marcia;Rettilineo;Una carreggiata a doppio senso;Asciutto;Asfaltata;Verticale ed orizzontale;Sereno;Normale;Buona;Ore Diurne;0;0;0;3;12.4567;41.8494;-1;1;Autovettura privata;In marcia / fermata / arresto;Passeggero;F;Illeso;0;;Non accertato;Inesploso
4764181;15;22/01/2020 09:30:00;Strada Urbana;VIA DELLA MAGLIANA NUOVA;da specificare;;;;FRONTE CIVICO 166;Scontro laterale fra veicoli in marcia;Rettilineo;Una carreggiata a doppio senso;Asciutto;Asfaltata;Verticale ed orizzontale;Sereno;Normale;Buona;Ore Diurne;0;0;0;3;12.4567;41.8494;-1;2;Autovettura privata;In marcia / fermata / arresto;Conducente;M;Illeso;0;;Non accertato;Inesploso
4764214;15;22/01/2020 12:05:00;Strada Urbana;VIA QUIRINO MAJORANA;all'intersezione con;VIA ODERISI DA GUBBIO;VIA ODERISI DA GUBBIO;;;Ribaltamento senza urto contro ostacolo fisso;Intersezione semaforizzata;Due carreggiate;Asciutto;Asfaltata;Orizzontale;Sereno;Normale;Buona;Ore Diurne;0;0;0;1;12.4621;41.8685;0;1;Autovettura privata;In marcia / fermata / arresto;Conducente;F;Illeso;0;;;
4764236;1;20/01/2020 18:30:00;Strada Urbana;PIAZZALE NUMA POMPILIO;all'intersezione semaforizzata con;VIALE DELLE TERME DI CARACALLA;VIALE DELLE TERME DI CARACALLA;;;Scontro laterale fra veicoli in marcia;Intersezione semaforizzata;Una carreggiata a doppio senso;Asciutto;Asfaltata;Verticale ed orizzontale;Sereno;Intenso;Buona;Sufficiente;0;0;0;3;12.4957;41.8796;-1;1;Autovettura privata;In marcia / fermata / arresto;Conducente;F;Illeso;0;;;
4764236;1;20/01/2020 18:30:00;Strada Urbana;PIAZZALE NUMA POMPILIO;all'intersezione semaforizzata con;VIALE DELLE TERME DI CARACALLA;VIALE DELLE TERME DI CARACALLA;;;Scontro laterale fra veicoli in marcia;Intersezione semaforizzata;Una carreggiata a doppio senso;Asciutto;Asfaltata;Verticale ed orizzontale;Sereno;Intenso;Buona;Sufficiente;0;0;0;3;12.4957;41.8796;-1;1;Autovettura privata;In marcia / fermata / arresto;Passeggero;F;Illeso;0;;;Inesploso
4764236;1;20/01/2020 18:30:00;Strada Urbana;PIAZZALE NUMA POMPILIO;all'intersezione semaforizzata con;VIALE DELLE TERME DI CARACALLA;VIALE DELLE TERME DI CARACALLA;;;Scontro laterale fra veicoli in marcia;Intersezione semaforizzata;Una carreggiata a doppio senso;Asciutto;Asfaltata;Verticale ed orizzontale;Sereno;Intenso;Buona;Sufficiente;0;0;0;3;12.4957;41.8796;-1;2;Autovettura privata;In marcia / fermata / arresto;Conducente;F;Illeso;0;;;Inesploso
4764237;15;22/01/2020 12:15:00;Strada Urbana;VIA DELLA MAGLIANA;in corrispondenza;;del civico n.;181;;Scontro laterale fra veicoli in marcia;Rettilineo;Una carreggiata a doppio senso;Asciutto;Asfaltata;Orizzontale;Sereno;Normale;Buona;Ore Diurne;0;0;0;3;12.4592;41.8511;-1;1;Autovettura privata;In marcia / fermata / arresto;Conducente;F;Illeso;0;;;
4764237;15;22/01/2020 12:15:00;Strada Urbana;VIA DELLA MAGLIANA;in corrispondenza;;del civico n.;181;;Scontro laterale fra veicoli in marcia;Rettilineo;Una carreggiata a doppio senso;Asciutto;Asfaltata;Orizzontale;Sereno;Normale;Buona;Ore Diurne;0;0;0;3;12.4592;41.8511;-1;2;Autovettura privata;In marcia / fermata / arresto;Conducente;M;Illeso;0;;;
4764237;15;22/01/2020 12:15:00;Strada Urbana;VIA DELLA MAGLIANA;in corrispondenza;;del civico n.;181;;Scontro laterale fra veicoli in marcia;Rettilineo;Una carreggiata a doppio senso;Asciutto;Asfaltata;Orizzontale;Sereno;Normale;Buona;Ore Diurne;0;0;0;3;12.4592;41.8511;-1;2;Autovettura privata;In marcia / fermata / arresto;Passeggero;F;Illeso;0;;;
4764359;15;22/01/2020 13:25:00;Strada Urbana;VIA DELLA MAGLIANA;all'intersezione con;VIA DELLE VIGNE;VIA DELLE VIGNE;;;Scontro laterale fra veicoli in marcia;Incrocio;Una carreggiata a doppio senso;Asciutto;Asfaltata;Verticale ed orizzontale;Sereno;Normale;Buona;Ore Diurne;1;0;0;1;12.4196;41.8317;-1;1;Autovettura privata;In marcia / fermata / arresto;Conducente;F;Illeso;0;;Non accertato;Inesploso
4764359;15;22/01/2020 13:25:00;Strada Urbana;VIA DELLA MAGLIANA;all'intersezione con;VIA DELLE VIGNE;VIA DELLE VIGNE;;;Scontro laterale fra veicoli in marcia;Incrocio;Una carreggiata a doppio senso;Asciutto;Asfaltata;Verticale ed orizzontale;Sereno;Normale;Buona;Ore Diurne;1;0;0;1;12.4196;41.8317;-1;2;Motociclo a solo;In marcia / fermata / arresto;Conducente;M;Rimandato;0;NON DECEDUTO;Utilizzato;
4764371;10;22/01/2020 16:30:00;Strada Urbana;VIA FILOMUSI GUELFI;in corrispondenza;;del civico n.;53;;Scontro laterale fra veicoli in marcia;Rettilineo;Una carreggiata a doppio senso;Asciutto;Asfaltata;Verticale ed orizzontale;Sereno;Normale;Buona;Ore Diurne;0;0;0;2;12.5717;41.8628;-1;1;Autovettura privata;In marcia / fermata / arresto;Conducente;F;Illeso;0;;Non accertato;Inesploso
4764371;10;22/01/2020 16:30:00;Strada Urbana;VIA FILOMUSI GUELFI;in corrispondenza;;del civico n.;53;;Scontro laterale fra veicoli in marcia;Rettilineo;Una carreggiata a doppio senso;Asciutto;Asfaltata;Verticale ed orizzontale;Sereno;Normale;Buona;Ore Diurne;0;0;0;2;12.5717;41.8628;-1;2;Autovettura privata;In marcia / fermata / arresto;Conducente;F;Illeso;0;;Non accertato;Inesploso
4764372;19;22/01/2020 08:00:00;Strada Urbana;VIA TRIONFALE;in corrispondenza;;del civico n.;8345;;Scontro laterale fra veicoli in marcia;Curva a visuale libera;Una carreggiata a senso unico di marcia;Asciutto;Asfaltata;Verticale ed orizzontale;Sereno;Intenso;Buona;Ore Diurne;0;0;0;2;12.4263;41.9376;-1;1;Autovettura privata;In marcia / fermata / arresto;Conducente;F;Illeso;0;;Non accertato;Inesploso
4764372;19;22/01/2020 08:00:00;Strada Urbana;VIA TRIONFALE;in corrispondenza;;del civico n.;8345;;Scontro laterale fra veicoli in marcia;Curva a visuale libera;Una carreggiata a senso unico di marcia;Asciutto;Asfaltata;Verticale ed orizzontale;Sereno;Intenso;Buona;Ore Diurne;0;0;0;2;12.4263;41.9376;-1;2;Autocarro inferiore 35 q.;In marcia / fermata / arresto;Conducente;M;Illeso;0;;Non accertato;Inesploso
4764372;19;22/01/2020 08:00:00;Strada Urbana;VIA TRIONFALE;in corrispondenza;;del civico n.;8345;;Scontro laterale fra veicoli in marcia;Curva a visuale libera;Una carreggiata a senso unico di marcia;Asciutto;Asfaltata;Verticale ed orizzontale;Sereno;Intenso;Buona;Ore Diurne;0;0;0;2;12.4263;41.9376;-1;3;Autocarro inferiore 35 q.;Sosta;;;;;;;
4764431;19;22/01/2020 10:10:00;Strada Urbana;VIA DEL FORTE TRIONFALE;in corrispondenza;;del civico n.;8;;Investimento di pedone;Rettilineo;Una carreggiata a doppio senso;Asciutto;Asfaltata;Verticale ed orizzontale;Sereno;Normale;Buona;Ore Diurne;1;0;0;1;12.4327;41.9384;-1;;;;Pedone;M;Rimandato;0;NON DECEDUTO;;
4764431;19;22/01/2020 10:10:00;Strada Urbana;VIA DEL FORTE TRIONFALE;in corrispondenza;;del civico n.;8;;Investimento di pedone;Rettilineo;Una carreggiata a doppio senso;Asciutto;Asfaltata;Verticale ed orizzontale;Sereno;Normale;Buona;Ore Diurne;1;0;0;1;12.4327;41.9384;-1;1;Autovettura privata;In marcia / fermata / arresto;Conducente;M;Illeso;0;;Non accertato;Inesploso
4764514;20;22/01/2020 18:30:00;Strada Urbana;VIA FLAMINIA;in prossimit�;;del civico n.;742;;Scontro frontale/laterale DX fra veicoli in marcia;Rettilineo;Una carreggiata a doppio senso;Asciutto;Asfaltata;Verticale ed orizzontale;Sereno;Normale;Buona;Ore Diurne;0;0;0;2;12.4739;41.9466;-1;1;Autovettura privata;In marcia / fermata / arresto;Conducente;F;Illeso;0;;Non accertato;Inesploso
4764514;20;22/01/2020 18:30:00;Strada Urbana;VIA FLAMINIA;in prossimit�;;del civico n.;742;;Scontro frontale/laterale DX fra veicoli in marcia;Rettilineo;Una carreggiata a doppio senso;Asciutto;Asfaltata;Verticale ed orizzontale;Sereno;Normale;Buona;Ore Diurne;0;0;0;2;12.4739;41.9466;-1;2;Autovettura privata;In marcia / fermata / arresto;Conducente;M;Illeso;0;;Non accertato;Inesploso
4764528;18;21/01/2020 19:50:00;Strada Urbana;VIA DI CASAL DEL MARMO;da specificare;;;;altezza via vignale;Scontro laterale fra veicoli in marcia;Rettilineo;Una carreggiata a doppio senso;Asciutto;Asfaltata;Assente;Sereno;Normale;Buona;Sufficiente;0;0;0;2;12.3834;41.9191;-1;1;Autovettura privata;In marcia / fermata / arresto;Conducente;M;Illeso;0;;;
4764528;18;21/01/2020 19:50:00;Strada Urbana;VIA DI CASAL DEL MARMO;da specificare;;;;altezza via vignale;Scontro laterale fra veicoli in marcia;Rettilineo;Una carreggiata a doppio senso;Asciutto;Asfaltata;Assente;Sereno;Normale;Buona;Sufficiente;0;0;0;2;12.3834;41.9191;-1;2;Autovettura privata;In marcia / fermata / arresto;Conducente;M;Illeso;0;;;
4764531;10;22/01/2020 11:45:00;Strada Urbana;VIA ANAGNINA;da specificare;;;;alt. diramaz.Via Tuscolana direz Frascati-dopo GRA;Scontro frontale/laterale DX fra veicoli in marcia;Rettilineo;Una carreggiata a senso unico di marcia;Asciutto;Asfaltata;Verticale ed orizzontale;Sereno;Normale;Buona;Ore Diurne;0;0;0;3;12.5907;41.8374;-1;1;Autovettura privata;In marcia / fermata / arresto;Conducente;F;Illeso;0;;Non accertato;Inesploso
4764531;10;22/01/2020 11:45:00;Strada Urbana;VIA ANAGNINA;da specificare;;;;alt. diramaz.Via Tuscolana direz Frascati-dopo GRA;Scontro frontale/laterale DX fra veicoli in marcia;Rettilineo;Una carreggiata a senso unico di marcia;Asciutto;Asfaltata;Verticale ed orizzontale;Sereno;Normale;Buona;Ore Diurne;0;0;0;3;12.5907;41.8374;-1;1;Autovettura privata;In marcia / fermata / arresto;Passeggero;F;Illeso;0;;Non accertato;Inesploso
4764531;10;22/01/2020 11:45:00;Strada Urbana;VIA ANAGNINA;da specificare;;;;alt. diramaz.Via Tuscolana direz Frascati-dopo GRA;Scontro frontale/laterale DX fra veicoli in marcia;Rettilineo;Una carreggiata a senso unico di marcia;Asciutto;Asfaltata;Verticale ed orizzontale;Sereno;Normale;Buona;Ore Diurne;0;0;0;3;12.5907;41.8374;-1;2;Autovettura privata;In marcia / fermata / arresto;Conducente;M;Illeso;0;;Non accertato;Inesploso
4764551;13;22/01/2020 17:00:00;Strada Urbana;VIA DEL MARE;in prossimit�;;della chilometrica;26.3;;Tamponamento Multiplo;Rettilineo;Una carreggiata a doppio senso;Asciutto;Asfaltata;Verticale ed orizzontale;Sereno;Normale;Buona;Ore Diurne;3;0;0;0;12.4632;41.8403;-1;1;Autocarro inferiore 35 q.;In marcia / fermata / arresto;Conducente;M;Rimandato;0;NON DECEDUTO;Non accertato;Esploso