Protocollo;Gruppo;DataOraIncidente;Localizzazione1;STRADA1;Localizzazione2;STRADA2;Strada02;Chilometrica;DaSpecificare;NaturaIncidente;particolaritastrade;TipoStrada;FondoStradale;Pavimentazione;Segnaletica;CondizioneAtmosferica;Traffico;Visibilita;Illuminazione;NUM_FERITI;NUM_RISERVATA;NUM_MORTI;NUM_ILLESI;Longitude;Latitude;Confermato;Progressivo;TipoVeicolo;StatoVeicolo;TipoPersona;Sesso;Tipolesione;Deceduto;DecedutoDopo;CinturaCascoUtilizzato;Airbag;
4771472;2;27/01/2020 10:55:00;Strada Urbana;PIAZZA S. SATURNINO;all'intersezione con;VIA TOPINO;VIA TOPINO;;;Scontro frontale/laterale DX fra veicoli in marcia;Incrocio;Una carreggiata a doppio senso;Asciutto;Asfaltata;Orizzontale;Sereno;Normale;Buona;Ore Diurne;0;0;0;2;12.5083;41.9227;-1;1;Autovettura privata;In marcia / fermata / arresto;Conducente;F;Illeso;0;;Non accertato;Inesploso
4771472;2;27/01/2020 10:55:00;Strada Urbana;PIAZZA S. SATURNINO;all'intersezione con;VIA TOPINO;VIA TOPINO;;;Scontro frontale/laterale DX fra veicoli in marcia;Incrocio;Una carreggiata a doppio senso;Asciutto;Asfaltata;Orizzontale;Sereno;Normale;Buona;Ore Diurne;0;0;0;2;12.5083;41.9227;-1;2;Motociclo a solo;In marcia / fermata / arresto;Conducente;M;Illeso;0;;Non accertato;
4771477;16;25/01/2020 12:40:00;Strada Urbana;VIA EDOARDO JENNER;in corrispondenza;;del civico n.;35;;Scontro laterale fra veicoli in marcia;Rettilineo;Una carreggiata a doppio senso;Asciutto;Asfaltata;Verticale ed orizzontale;Nuvoloso;Normale;Buona;Ore Diurne;0;0;0;2;12.445;41.8736;-1;1;Autovettura privata;In marcia / fermata / arresto;Conducente;M;Illeso;0;;Non accertato;
4771477;16;25/01/2020 12:40:00;Strada Urbana;VIA EDOARDO JENNER;in corrispondenza;;del civico n.;35;;Scontro laterale fra veicoli in marcia;Rettilineo;Una carreggiata a doppio senso;Asciutto;Asfaltata;Verticale ed orizzontale;Nuvoloso;Normale;Buona;Ore Diurne;0;0;0;2;12.445;41.8736;-1;2;Autovettura privata;In marcia / fermata / arresto;Conducente;M;Illeso;0;;Non accertato;
4771487;17;26/01/2020 22:25:00;Strada Urbana;VIA SABOTINO;all'intersezione con;VIA MONTE SANTO;VIA MONTE SANTO;;;Scontro laterale fra veicoli in marcia;Intersezione stradale segnalata;Due carreggiate;Asciutto;Asfaltata;Verticale ed orizzontale;Sereno;Scarso;Sufficiente;Sufficiente;0;0;0;3;12.4601;41.9169;-1;1;Autovettura privata;In marcia / fermata / arresto;Conducente;M;Illeso;0;;Non accertato;Inesploso
4771487;17;26/01/2020 22:25:00;Strada Urbana;VIA SABOTINO;all'intersezione con;VIA MONTE SANTO;VIA MONTE SANTO;;;Scontro laterale fra veicoli in marcia;Intersezione stradale segnalata;Due carreggiate;Asciutto;Asfaltata;Verticale ed orizzontale;Sereno;Scarso;Sufficiente;Sufficiente;0;0;0;3;12.4601;41.9169;-1;1;Autovettura privata;In marcia / fermata / arresto;Passeggero;F;Illeso;0;;Non accertato;Inesploso
4771487;17;26/01/2020 22:25:00;Strada Urbana;VIA SABOTINO;all'intersezione con;VIA MONTE SANTO;VIA MONTE SANTO;;;Scontro laterale fra veicoli in marcia;Intersezione stradale segnalata;Due carreggiate;Asciutto;Asfaltata;Verticale ed orizzontale;Sereno;Scarso;Sufficiente;Sufficiente;0;0;0;3;12.4601;41.9169;-1;2;Autovettura privata;In marcia / fermata / arresto;Conducente;M;Illeso;0;;Non accertato;Inesploso
4771527;3;25/01/2020 20:15:00;Strada Urbana;VIALE VENTUNO APRILE;da specificare;;;;fronte civico 53;Veicolo in marcia contro ostacolo fisso;Rettilineo;Due carreggiate;Asciutto;Asfaltata;Verticale ed orizzontale;Nuvoloso;Normale;Sufficiente;Sufficiente;0;0;0;1;12.5204;41.917;-1;1;Autovettura privata;In marcia / fermata / arresto;Conducente;M;Illeso;0;;Non accertato;
4771530;3;25/01/2020 18:30:00;Strada Urbana;VIA PIETRO L'EREMITA;da specificare;;;;prossimit� Largo G.Mazzoni;Veicolo in marcia contro veicolo in sosta;Rettilineo;Una carreggiata a senso unico di marcia;Asciutto;Asfaltata;Verticale ed orizzontale;Nuvoloso;Normale;Buona;Sufficiente;0;0;0;1;12.5264;41.9096;-1;1;Autovettura privata;Sosta;;;;;;;
4771530;3;25/01/2020 18:30:00;Strada Urbana;VIA PIETRO L'EREMITA;da specificare;;;;prossimit� Largo G.Mazzoni;Veicolo in marcia contro veicolo in sosta;Rettilineo;Una carreggiata a senso unico di marcia;Asciutto;Asfaltata;Verticale ed orizzontale;Nuvoloso;Normale;Buona;Sufficiente;0;0;0;1;12.5264;41.9096;-1;2;Autobus turistico;In marcia / fermata / arresto;Conducente;M;Illeso;0;;Non accertato;
4771539;2;26/01/2020 16:05:00;Strada Urbana;VIALE TIZIANO;all'intersezione con;VIA ENRICO CHIARADIA;VIA ENRICO CHIARADIA;;;Scontro frontale/laterale SX fra veicoli in marcia;Incrocio;Una carreggiata a senso unico di marcia;Asciutto;Asfaltata;Verticale ed orizzontale;Sereno;Normale;Buona;Ore Diurne;0;0;0;5;12.4705;41.9266;-1;1;Autovettura privata;In marcia / fermata / arresto;Conducente;M;Illeso;0;;Non accertato;Inesploso
4771539;2;26/01/2020 16:05:00;Strada Urbana;VIALE TIZIANO;all'intersezione con;VIA ENRICO CHIARADIA;VIA ENRICO CHIARADIA;;;Scontro frontale/laterale SX fra veicoli in marcia;Incrocio;Una carreggiata a senso unico di marcia;Asciutto;Asfaltata;Verticale ed orizzontale;Sereno;Normale;Buona;Ore Diurne;0;0;0;5;12.4705;41.9266;-1;1;Autovettura privata;In marcia / fermata / arresto;Passeggero;M;Illeso;0;;Non accertato;Inesploso
4771539;2;26/01/2020 16:05:00;Strada Urbana;VIALE TIZIANO;all'intersezione con;VIA ENRICO CHIARADIA;VIA ENRICO CHIARADIA;;;Scontro frontale/laterale SX fra veicoli in marcia;Incrocio;Una carreggiata a senso unico di marcia;Asciutto;Asfaltata;Verticale ed orizzontale;Sereno;Normale;Buona;Ore Diurne;0;0;0;5;12.4705;41.9266;-1;2;Autovettura privata;In marcia / fermata / arresto;Conducente;M;Illeso;0;;Non accertato;Inesploso
4771539;2;26/01/2020 16:05:00;Strada Urbana;VIALE TIZIANO;all'intersezione con;VIA ENRICO CHIARADIA;VIA ENRICO CHIARADIA;;;Scontro frontale/laterale SX fra veicoli in marcia;Incrocio;Una carreggiata a senso unico di marcia;Asciutto;Asfaltata;Verticale ed orizzontale;Sereno;Normale;Buona;Ore Diurne;0;0;0;5;12.4705;41.9266;-1;2;Autovettura privata;In marcia / fermata / arresto;Passeggero;M;Illeso;0;;Non accertato;Inesploso
4771539;2;26/01/2020 16:05:00;Strada Urbana;VIALE TIZIANO;all'intersezione con;VIA ENRICO CHIARADIA;VIA ENRICO CHIARADIA;;;Scontro frontale/laterale SX fra veicoli in marcia;Incrocio;Una carreggiata a senso unico di marcia;Asciutto;Asfaltata;Verticale ed orizzontale;Sereno;Normale;Buona;Ore Diurne;0;0;0;5;12.4705;41.9266;-1;2;Autovettura privata;In marcia / fermata / arresto;Passeggero;F;Illeso;0;;Non accertato;Inesploso
4771543;2;26/01/2020 15:00:00;Strada Urbana;LARGO BUBI FARINELLI;da specificare;;;;ALT. INGRESSO PARCHEGGIO ;Veicolo in marcia contro ostacolo fisso;Rotatoria;Una carreggiata a senso unico di marcia;Asciutto;Asfaltata;Orizzontale;Sereno;Scarso;Buona;Ore Diurne;0;0;0;0;12.4847;41.9311;-1;;;;;;;;;;
4771564;1;26/01/2020 19:45:00;Strada Urbana;PIAZZA VITTORIO EMANUELE II;all'intersezione semaforizzata con;VIA PRINCIPE EUGENIO;VIA PRINCIPE EUGENIO;;;Scontro frontale/laterale SX fra veicoli in marcia;Incrocio;Una carreggiata a senso unico alternato;Asciutto;Asfaltata;Assente;Sereno;Intenso;Buona;Ore Diurne;0;0;0;2;12.5048;41.8951;-1;1;Autovettura privata;In marcia / fermata / arresto;Conducente;F;Illeso;0;;;
4771564;1;26/01/2020 19:45:00;Strada Urbana;PIAZZA VITTORIO EMANUELE II;all'intersezione semaforizzata con;VIA PRINCIPE EUGENIO;VIA PRINCIPE EUGENIO;;;Scontro frontale/laterale SX fra veicoli in marcia;Incrocio;Una carreggiata a senso unico alternato;Asciutto;Asfaltata;Assente;Sereno;Intenso;Buona;Ore Diurne;0;0;0;2;12.5048;41.8951;-1;2;Autovettura privata;In marcia / fermata / arresto;Conducente;M;Illeso;0;;;
4771591;3;23/01/2020 17:00:00;Strada Urbana;VIA GIOVANNI BATTISTA MORGAGNI;all'intersezione semaforizzata con;VIALE REGINA MARGHERITA;VIALE REGINA MARGHERITA;;;Scontro laterale fra veicoli in marcia;Incrocio;Pi� di due carreggiate;Asciutto;Asfaltata;Verticale ed orizzontale;Sereno;Normale;Buona;Ore Diurne;1;0;0;2;12.5105;41.9099;-1;1;Autovettura privata;In marcia / fermata / arresto;Conducente;F;Illeso;0;;;
4771591;3;23/01/2020 17:00:00;Strada Urbana;VIA GIOVANNI BATTISTA MORGAGNI;all'intersezione semaforizzata con;VIALE REGINA MARGHERITA;VIALE REGINA MARGHERITA;;;Scontro laterale fra veicoli in marcia;Incrocio;Pi� di due carreggiate;Asciutto;Asfaltata;Verticale ed orizzontale;Sereno;Normale;Buona;Ore Diurne;1;0;0;2;12.5105;41.9099;-1;1;Autovettura privata;In marcia / fermata / arresto;Passeggero;F;Illeso;0;;;
4771591;3;23/01/2020 17:00:00;Strada Urbana;VIA GIOVANNI BATTISTA MORGAGNI;all'intersezione semaforizzata con;VIALE REGINA MARGHERITA;VIALE REGINA MARGHERITA;;;Scontro laterale fra veicoli in marcia;Incrocio;Pi� di due carreggiate;Asciutto;Asfaltata;Verticale ed orizzontale;Sereno;Normale;Buona;Ore Diurne;1;0;0;2;12.5105;41.9099;-1;2;Motociclo a solo;In marcia / fermata / arresto;Conducente;M;Rimandato;0;NON DECEDUTO;;
4771594;5;26/01/2020 03:30:00;Strada Urbana;VIA DEI QUINTILI;in prossimit�;;del civico n.;207;;Veicolo in marcia contro veicoli in sosta;Rettilineo;Una carreggiata a senso unico di marcia;Asciutto;Asfaltata;Assente;Sereno;Scarso;Buona;Sufficiente;1;0;0;0;12.5465;41.8704;-1;1;Autovettura privata;In marcia / fermata / arresto;Conducente;M;Rifiuta cure immediate;0;NON DECEDUTO;Non accertato;Esploso
4771594;5;26/01/2020 03:30:00;Strada Urbana;VIA DEI QUINTILI;in prossimit�;;del civico n.;207;;Veicolo in marcia contro veicoli in sosta;Rettilineo;Una carreggiata a senso unico di marcia;Asciutto;Asfaltata;Assente;Sereno;Scarso;Buona;Sufficiente;1;0;0;0;12.5465;41.8704;-1;2;Autovettura privata;Sosta;;;;;;;
4771594;5;26/01/2020 03:30:00;Strada Urbana;VIA DEI QUINTILI;in prossimit�;;del civico n.;207;;Veicolo in marcia contro veicoli in sosta;Rettilineo;Una carreggiata a senso unico di marcia;Asciutto;Asfaltata;Assente;Sereno;Scarso;Buona;Sufficiente;1;0;0;0;12.5465;41.8704;-1;3;Autovettura privata;Sosta;;;;;;;
4771594;5;26/01/2020 03:30:00;Strada Urbana;VIA DEI QUINTILI;in prossimit�;;del civico n.;207;;Veicolo in marcia contro veicoli in sosta;Rettilineo;Una carreggiata a senso unico di marcia;Asciutto;Asfaltata;Assente;Sereno;Scarso;Buona;Sufficiente;1;0;0;0;12.5465;41.8704;-1;4;Autovettura privata;Sosta;;;;;;;
4771594;5;26/01/2020 03:30:00;Strada Urbana;VIA DEI QUINTILI;in prossimit�;;del civico n.;207;;Veicolo in marcia contro veicoli in sosta;Rettilineo;Una carreggiata a senso unico di marcia;Asciutto;Asfaltata;Assente;Sereno;Scarso;Buona;Sufficiente;1;0;0;0;12.5465;41.8704;-1;5;Autovettura privata;Sosta;;;;;;;
4771594;5;26/01/2020 03:30:00;Strada Urbana;VIA DEI QUINTILI;in prossimit�;;del civico n.;207;;Veicolo in marcia contro veicoli in sosta;Rettilineo;Una carreggiata a senso unico di marcia;Asciutto;Asfaltata;Assente;Sereno;Scarso;Buona;Sufficiente;1;0;0;0;12.5465;41.8704;-1;6;Autovettura privata;Sosta;;;;;;;
4771594;5;26/01/2020 03:30:00;Strada Urbana;VIA DEI QUINTILI;in prossimit�;;del civico n.;207;;Veicolo in marcia contro veicoli in sosta;Rettilineo;Una carreggiata a senso unico di marcia;Asciutto;Asfaltata;Assente;Sereno;Scarso;Buona;Sufficiente;1;0;0;0;12.5465;41.8704;-1;7;Autovettura privata;Sosta;;;;;;;
4771594;5;26/01/2020 03:30:00;Strada Urbana;VIA DEI QUINTILI;in prossimit�;;del civico n.;207;;Veicolo in marcia contro veicoli in sosta;Rettilineo;Una carreggiata a senso unico di marcia;Asciutto;Asfaltata;Assente;Sereno;Scarso;Buona;Sufficiente;1;0;0;0;12.5465;41.8704;-1;8;Autovettura privata;Sosta;;;;;;;
4771594;5;26/01/2020 03:30:00;Strada Urbana;VIA DEI QUINTILI;in prossimit�;;del civico n.;207;;Veicolo in marcia contro veicoli in sosta;Rettilineo;Una carreggiata a senso unico di marcia;Asciutto;Asfaltata;Assente;Sereno;Scarso;Buona;Sufficiente;1;0;0;0;12.5465;41.8704;-1;9;Autovettura privata;Sosta;;;;;;;
4771594;5;26/01/2020 03:30:00;Strada Urbana;VIA DEI QUINTILI;in prossimit�;;del civico n.;207;;Veicolo in marcia contro veicoli in sosta;Rettilineo;Una carreggiata a senso unico di marcia;Asciutto;Asfaltata;Assente;Sereno;Scarso;Buona;Sufficiente;1;0;0;0;12.5465;41.8704;-1;10;Autovettura privata;Sosta;;;;;;;
4771594;5;26/01/2020 03:30:00;Strada Urbana;VIA DEI QUINTILI;in prossimit�;;del civico n.;207;;Veicolo in marcia contro veicoli in sosta;Rettilineo;Una carreggiata a senso unico di marcia;Asciutto;Asfaltata;Assente;Sereno;Scarso;Buona;Sufficiente;1;0;0;0;12.5465;41.8704;-1;11;Autovettura privata;Sosta;;;;;;;
4771594;5;26/01/2020 03:30:00;Strada Urbana;VIA DEI QUINTILI;in prossimit�;;del civico n.;207;;Veicolo in marcia contro veicoli in sosta;Rettilineo;Una carreggiata a senso unico di marcia;Asciutto;Asfaltata;Assente;Sereno;Scarso;Buona;Sufficiente;1;0;0;0;12.5465;41.8704;-1;12;Motociclo a solo;Sosta;;;;;;;
4771594;5;26/01/2020 03:30:00;Strada Urbana;VIA DEI QUINTILI;in prossimit�;;del civico n.;207;;Veicolo in marcia contro veicoli in sosta;Rettilineo;Una carreggiata a senso unico di marcia;Asciutto;Asfaltata;Assente;Sereno;Scarso;Buona;Sufficiente;1;0;0;0;12.5465;41.8704;-1;13;Autovettura privata;Sosta;;;;;;;
4771594;5;26/01/2020 03:30:00;Strada Urbana;VIA DEI QUINTILI;in prossimit�;;del civico n.;207;;Veicolo in marcia contro veicoli in sosta;Rettilineo;Una carreggiata a senso unico di marcia;Asciutto;Asfaltata;Assente;Sereno;Scarso;Buona;Sufficiente;1;0;0;0;12.5465;41.8704;-1;14;Autovettura privata;Sosta;;;;;;;
4771594;5;26/01/2020 03:30:00;Strada Urbana;VIA DEI QUINTILI;in prossimit�;;del civico n.;207;;Veicolo in marcia contro veicoli in sosta;Rettilineo;Una carreggiata a senso unico di marcia;Asciutto;Asfaltata;Assente;Sereno;Scarso;Buona;Sufficiente;1;0;0;0;12.5465;41.8704;-1;15;Autovettura privata;Sosta;;;;;;;
4771594;5;26/01/2020 03:30:00;Strada Urbana;VIA DEI QUINTILI;in prossimit�;;del civico n.;207;;Veicolo in marcia contro veicoli in sosta;Rettilineo;Una carreggiata a senso unico di marcia;Asciutto;Asfaltata;Assente;Sereno;Scarso;Buona;Sufficiente;1;0;0;0;12.5465;41.8704;-1;16;Autovettura privata;Sosta;;;;;;;
4771594;5;26/01/2020 03:30:00;Strada Urbana;VIA DEI QUINTILI;in prossimit�;;del civico n.;207;;Veicolo in marcia contro veicoli in sosta;Rettilineo;Una carreggiata a senso unico di marcia;Asciutto;Asfaltata;Assente;Sereno;Scarso;Buona;Sufficiente;1;0;0;0;12.5465;41.8704;-1;17;Autovettura privata;Sosta;;;;;;;
4771594;5;26/01/2020 03:30:00;Strada Urbana;VIA DEI QUINTILI;in prossimit�;;del civico n.;207;;Veicolo in marcia contro veicoli in sosta;Rettilineo;Una carreggiata a senso unico di marcia;Asciutto;Asfaltata;Assente;Sereno;Scarso;Buona;Sufficiente;1;0;0;0;12.5465;41.8704;-1;18;Autovettura privata;Sosta;;;;;;;
4771603;16;26/01/2020 08:40:00;Strada Urbana;VIA S. CALEPODIO;all'intersezione con;VIALE DI VILLA PAMPHILI;VIALE DI VILLA PAMPHILI;;;Scontro frontale/laterale SX fra veicoli in marcia;Incrocio;Una carreggiata a senso unico di marcia;Asciutto;Asfaltata;Verticale ed orizzontale;Sereno;Normale;Buona;Ore Diurne;0;0;0;2;12.4577;41.8796;-1;1;Autovettura privata;In marcia / fermata / arresto;Conducente;M;Illeso;0;;Non accertato;Inesploso
4771603;16;26/01/2020 08:40:00;Strada Urbana;VIA S. CALEPODIO;all'intersezione con;VIALE DI VILLA PAMPHILI;VIALE DI VILLA PAMPHILI;;;Scontro frontale/laterale SX fra veicoli in marcia;Incrocio;Una carreggiata a senso unico di marcia;Asciutto;Asfaltata;Verticale ed orizzontale;Sereno;Normale;Buona;Ore Diurne;0;0;0;2;12.4577;41.8796;-1;2;Autobus di linea;In marcia / fermata / arresto;Conducente;M;Illeso;0;;Non accertato;Inesploso
4771604;3;23/01/2020 17:50:00;Strada Urbana;VIALE REGINA ELENA;in prossimit�;;del civico n.;332;;Veicolo in marcia contro veicoli in arresto;Pendenza;Due carreggiate;Asciutto;Asfaltata;Verticale ed orizzontale;Sereno;Normale;Sufficiente;Sufficiente;1;0;0;5;12.5164;41.9049;-1;1;Autovettura privata;In marcia / fermata / arresto;Conducente;M;Illeso;0;;Non accertato;Inesploso
4771604;3;23/01/2020 17:50:00;Strada Urbana;VIALE REGINA ELENA;in prossimit�;;del civico n.;332;;Veicolo in marcia contro veicoli in arresto;Pendenza;Due carreggiate;Asciutto;Asfaltata;Verticale ed orizzontale;Sereno;Normale;Sufficiente;Sufficiente;1;0;0;5;12.5164;41.9049;-1;2;Autovettura privata;In marcia / fermata / arresto;Conducente;M;Illeso;0;;Non accertato;Inesploso
4771604;3;23/01/2020 17:50:00;Strada Urbana;VIALE REGINA ELENA;in prossimit�;;del civico n.;332;;Veicolo in marcia contro veicoli in arresto;Pendenza;Due carreggiate;Asciutto;Asfaltata;Verticale ed orizzontale;Sereno;Normale;Sufficiente;Sufficiente;1;0;0;5;12.5164;41.9049;-1;2;Autovettura privata;In marcia / fermata / arresto;Passeggero;F;Illeso;0;;Non accertato;Inesploso
4771604;3;23/01/2020 17:50:00;Strada Urbana;VIALE REGINA ELENA;in prossimit�;;del civico n.;332;;Veicolo in marcia contro veicoli in arresto;Pendenza;Due carreggiate;Asciutto;Asfaltata;Verticale ed orizzontale;Sereno;Normale;Sufficiente;Sufficiente;1;0;0;5;12.5164;41.9049;-1;2;Autovettura privata;In marcia / fermata / arresto;Passeggero;F;Illeso;0;;Non accertato;Inesploso
4771604;3;23/01/2020 17:50:00;Strada Urbana;VIALE REGINA ELENA;in prossimit�;;del civico n.;332;;Veicolo in marcia contro veicoli in arresto;Pendenza;Due carreggiate;Asciutto;Asfaltata;Verticale ed orizzontale;Sereno;Normale;Sufficiente;Sufficiente;1;0;0;5;12.5164;41.9049;-1;3;Autovettura privata;In marcia / fermata / arresto;Conducente;M;Illeso;0;;Non accertato;Inesploso
4771604;3;23/01/2020 17:50:00;Strada Urbana;VIALE REGINA ELENA;in prossimit�;;del civico n.;332;;Veicolo in marcia contro veicoli in arresto;Pendenza;Due carreggiate;Asciutto;Asfaltata;Verticale ed orizzontale;Sereno;Normale;Sufficiente;Sufficiente;1;0;0;5;12.5164;41.9049;-1;3;Autovettura privata;In marcia / fermata / arresto;Passeggero;F;Rimandato;0;NON DECEDUTO;Non accertato;Inesploso
4771609;19;25/01/2020 22:10:00;Strada Urbana;VIA DELLA STORTA;in corrispondenza;;del civico n.;147;;Veicolo in marcia contro veicoli in sosta;Curva a visuale libera;Una carreggiata a doppio senso;Asciutto;Asfaltata;Assente;Sereno;Scarso;Buona;Sufficiente;0;0;0;1;12.3483;41.9403;-1;1;Autovettura privata;Sosta;;;;;;;
4771609;19;25/01/2020 22:10:00;Strada Urbana;VIA DELLA STORTA;in corrispondenza;;del civico n.;147;;Veicolo in marcia contro veicoli in sosta;Curva a visuale libera;Una carreggiata a doppio senso;Asciutto;Asfaltata;Assente;Sereno;Scarso;Buona;Sufficiente;0;0;0;1;12.3483;41.9403;-1;2;Autovettura privata;Sosta;;;;;;;
4771609;19;25/01/2020 22:10:00;Strada Urbana;VIA DELLA STORTA;in corrispondenza;;del civico n.;147;;Veicolo in marcia contro veicoli in sosta;Curva a visuale libera;Una carreggiata a doppio senso;Asciutto;Asfaltata;Assente;Sereno;Scarso;Buona;Sufficiente;0;0;0;1;12.3483;41.9403;-1;3;Autovettura privata;In marcia / fermata / arresto;Conducente;F;Illeso;0;;Non accertato;Esploso
4771614;3;24/01/2020 13:10:00;Strada Urbana;PIAZZA GALENO;all'intersezione semaforizzata con;VIALE REGINA MARGHERITA;VIALE REGINA MARGHERITA;;;Scontro frontale/laterale DX fra veicoli in marcia;Incrocio;Due carreggiate;Asciutto;Asfaltata;Verticale ed orizzontale;Sereno;Normale;Buona;Ore Diurne;0;0;0;2;12.5089;41.9113;-1;1;Autovettura privata;In marcia / fermata / arresto;Conducente;F;Illeso;0;;;
4771614;3;24/01/2020 13:10:00;Strada Urbana;PIAZZA GALENO;all'intersezione semaforizzata con;VIALE REGINA MARGHERITA;VIALE REGINA MARGHERITA;;;Scontro frontale/laterale DX fra veicoli in marcia;Incrocio;Due carreggiate;Asciutto;Asfaltata;Verticale ed orizzontale;Sereno;Normale;Buona;Ore Diurne;0;0;0;2;12.5089;41.9113;-1;2;Altro;In marcia / fermata / arresto;Conducente;M;Illeso;0;;;
4771631;19;25/01/2020 21:25:00;Strada Urbana;VIA DI TORREVECCHIA;da specificare;;;;fronte  civ. 102;Veicolo in marcia contro veicolo in sosta;Rettilineo;Una carreggiata a doppio senso;Asciutto;Asfaltata;Orizzontale;Sereno;Normale;Sufficiente;Sufficiente;0;0;0;0;12.4205;41.9344;-1;1;Autovettura privata;Sosta;;;;;;;
4771631;19;25/01/2020 21:25:00;Strada Urbana;VIA DI TORREVECCHIA;da specificare;;;;fronte  civ. 102;Veicolo in marcia contro veicolo in sosta;Rettilineo;Una carreggiata a doppio senso;Asciutto;Asfaltata;Orizzontale;Sereno;Normale;Sufficiente;Sufficiente;0;0;0;0;12.4205;41.9344;-1;2;Autobus di linea;Allontanatosi;;;;;;;
4771634;1;24/01/2020 21:45:00;Strada Urbana;VIA EMILIA;in corrispondenza;;del civico n.;85;;;Rettilineo;Una carreggiata a senso unico di marcia;Bagnato (pioggia);Asfaltata;Verticale ed orizzontale;Nuvoloso;Scarso;Sufficiente;Sufficiente;0;0;0;1;12.4883;41.9085;-1;1;Autovettura privata;In marcia / fermata / arresto;Conducente;M;Illeso;0;;;
4771634;1;24/01/2020 21:45:00;Strada Urbana;VIA EMILIA;in corrispondenza;;del civico n.;85;;;Rettilineo;Una carreggiata a senso unico di marcia;Bagnato (pioggia);Asfaltata;Verticale ed orizzontale;Nuvoloso;Scarso;Sufficiente;Sufficiente;0;0;0;1;12.4883;41.9085;-1;2;Autovettura privata;Sosta;;;;;;;
4771634;1;24/01/2020 21:45:00;Strada Urbana;VIA EMILIA;in corrispondenza;;del civico n.;85;;;Rettilineo;Una carreggiata a senso unico di marcia;Bagnato (pioggia);Asfaltata;Verticale ed orizzontale;Nuvoloso;Scarso;Sufficiente;Sufficiente;0;0;0;1;12.4883;41.9085;-1;3;Motociclo a solo;Sosta;;;;;;;
4771634;1;24/01/2020 21:45:00;Strada Urbana;VIA EMILIA;in corrispondenza;;del civico n.;85;;;Rettilineo;Una carreggiata a senso unico di marcia;Bagnato (pioggia);Asfaltata;Verticale ed orizzontale;Nuvoloso;Scarso;Sufficiente;Sufficiente;0;0;0;1;12.4883;41.9085;-1;4;Motociclo a solo;Sosta;;;;;;;
4771638;19;25/01/2020 11:30:00;Strada Urbana;VIA BERNARDO DA BIBBIENA;all'intersezione semaforizzata con;VIA PIETRO BEMBO;VIA PIETRO BEMBO;;;Tamponamento;Intersezione semaforizzata;Una carreggiata a senso unico di marcia;Bagnato (pioggia);Asfaltata;Verticale ed orizzontale;Nuvoloso;Normale;Buona;Ore Diurne;0;0;0;3;12.411;41.9166;-1;1;Autovettura privata;In marcia / fermata / arresto;Conducente;M;Illeso;0;;;
4771638;19;25/01/2020 11:30:00;Strada Urbana;VIA BERNARDO DA BIBBIENA;all'intersezione semaforizzata con;VIA PIETRO BEMBO;VIA PIETRO BEMBO;;;Tamponamento;Intersezione semaforizzata;Una carreggiata a senso unico di marcia;Bagnato (pioggia);Asfaltata;Verticale ed orizzontale;Nuvoloso;Normale;Buona;Ore Diurne;0;0;0;3;12.411;41.9166;-1;2;Motociclo a solo;In marcia / fermata / arresto;Conducente;M;Illeso;0;;;
4771638;19;25/01/2020 11:30:00;Strada Urbana;VIA BERNARDO DA BIBBIENA;all'intersezione semaforizzata con;VIA PIETRO BEMBO;VIA PIETRO BEMBO;;;Tamponamento;Intersezione semaforizzata;Una carreggiata a senso unico di marcia;Bagnato (pioggia);Asfaltata;Verticale ed orizzontale;Nuvoloso;Normale;Buona;Ore Diurne;0;0;0;3;12.411;41.9166;-1;2;Motociclo a solo;In marcia / fermata / arresto;Passeggero;F;Illeso;0;;;
4771643;16;26/01/2020 14:45:00;;VIA OTTAVIO GASPARRI;in corrispondenza;;del civico n.;6;;Scontro laterale fra veicoli in marcia;;;;;;;;;;1;0;0;2;12.4427;41.8775;0;1;Motociclo a solo;In marcia / fermata / arresto;Conducente;M;Rimandato;0;NON DECEDUTO;;
4771643;16;26/01/2020 14:45:00;;VIA OTTAVIO GASPARRI;in corrispondenza;;del civico n.;6;;Scontro laterale fra veicoli in marcia;;;;;;;;;;1;0;0;2;12.4427;41.8775;0;2;Autovettura privata;In marcia / fermata / arresto;Conducente;M;Illeso;0;;;
4771643;16;26/01/2020 14:45:00;;VIA OTTAVIO GASPARRI;in corrispondenza;;del civico n.;6;;Scontro laterale fra veicoli in marcia;;;;;;;;;;1;0;0;2;12.4427;41.8775;0;2;Autovettura privata;In marcia / fermata / arresto;Passeggero;M;Illeso;0;;;
4771652;19;25/01/2020 06:45:00;Strada Urbana;VIA ELIO DONATO;da specificare;;;;fronte civico 51;Veicolo in marcia contro veicoli in sosta;Rettilineo;Una carreggiata a senso unico di marcia;Bagnato (pioggia);Asfaltata;Verticale ed orizzontale;Pioggia in atto;Scarso;Sufficiente;Sufficiente;0;0;0;0;12.4429;41.9128;-1;1;Autovettura privata;Sosta;;;;;;;
4771652;19;25/01/2020 06:45:00;Strada Urbana;VIA ELIO DONATO;da specificare;;;;fronte civico 51;Veicolo in marcia contro veicoli in sosta;Rettilineo;Una carreggiata a senso unico di marcia;Bagnato (pioggia);Asfaltata;Verticale ed orizzontale;Pioggia in atto;Scarso;Sufficiente;Sufficiente;0;0;0;0;12.4429;41.9128;-1;2;Autovettura privata;Sosta;;;;;;;
4771652;19;25/01/2020 06:45:00;Strada Urbana;VIA ELIO DONATO;da specificare;;;;fronte civico 51;Veicolo in marcia contro veicoli in sosta;Rettilineo;Una carreggiata a senso unico di marcia;Bagnato (pioggia);Asfaltata;Verticale ed orizzontale;Pioggia in atto;Scarso;Sufficiente;Sufficiente;0;0;0;0;12.4429;41.9128;-1;3;Autovettura privata;Sosta;;;;;;;