Protocollo;Gruppo;DataOraIncidente;Localizzazione1;STRADA1;Localizzazione2;STRADA2;Strada02;Chilometrica;DaSpecificare;NaturaIncidente;particolaritastrade;TipoStrada;FondoStradale;Pavimentazione;Segnaletica;CondizioneAtmosferica;Traffico;Visibilita;Illuminazione;NUM_FERITI;NUM_RISERVATA;NUM_MORTI;NUM_ILLESI;Longitude;Latitude;Confermato;Progressivo;TipoVeicolo;StatoVeicolo;TipoPersona;Sesso;Tipolesione;Deceduto;DecedutoDopo;CinturaCascoUtilizzato;Airbag;
4771652;19;25/01/2020 06:45:00;Strada Urbana;VIA ELIO DONATO;da specificare;;;;fronte civico 51;Veicolo in marcia contro veicoli in sosta;Rettilineo;Una carreggiata a senso unico di marcia;Bagnato (pioggia);Asfaltata;Verticale ed orizzontale;Pioggia in atto;Scarso;Sufficiente;Sufficiente;0;0;0;0;12.4429;41.9128;-1;4;Autovettura privata;Sosta;;;;;;;
4771652;19;25/01/2020 06:45:00;Strada Urbana;VIA ELIO DONATO;da specificare;;;;fronte civico 51;Veicolo in marcia contro veicoli in sosta;Rettilineo;Una carreggiata a senso unico di marcia;Bagnato (pioggia);Asfaltata;Verticale ed orizzontale;Pioggia in atto;Scarso;Sufficiente;Sufficiente;0;0;0;0;12.4429;41.9128;-1;5;Autovettura privata;Allontanatosi;;;;;;;
4771740;19;26/01/2020 16:00:00;Strada Urbana;VIA DI BOCCEA;in prossimit�;;del civico n.;1091;;Fuoriuscita dalla sede stradale;Curva senza visuale libera;Una carreggiata a doppio senso;Asciutto;Asfaltata;Verticale ed orizzontale;Sereno;Scarso;Buona;Ore Diurne;0;0;0;1;12.3347;41.9337;-1;1;Autovettura privata;In marcia / fermata / arresto;Conducente;F;Illeso;0;;;
4771744;1;24/01/2020 10:00:00;Strada Urbana;PIAZZA DEI CINQUECENTO;all'intersezione semaforizzata con;VIA CAVOUR;VIA CAVOUR;;;Ribaltamento senza urto contro ostacolo fisso;Intersezione semaforizzata;Una carreggiata a doppio senso;Asciutto;Asfaltata;Verticale ed orizzontale;Sereno;Normale;Buona;Ore Diurne;1;0;0;0;12.4997;41.9008;-1;1;Motociclo a solo;In marcia / fermata / arresto;Conducente;M;Rimandato;0;NON DECEDUTO;;
4771749;7;27/01/2020 13:20:00;Strada Urbana;VIA CASILINA;in prossimit�;;del civico n.;890;;Tamponamento Multiplo;Rettilineo;Due carreggiate;Asciutto;Asfaltata;Orizzontale;Sereno;Normale;Buona;Ore Diurne;0;0;0;3;12.6907;41.8633;-1;1;Autovettura privata;In marcia / fermata / arresto;Conducente;M;Illeso;0;;;
4771749;7;27/01/2020 13:20:00;Strada Urbana;VIA CASILINA;in prossimit�;;del civico n.;890;;Tamponamento Multiplo;Rettilineo;Due carreggiate;Asciutto;Asfaltata;Orizzontale;Sereno;Normale;Buona;Ore Diurne;0;0;0;3;12.6907;41.8633;-1;2;Autovettura privata;In marcia / fermata / arresto;Conducente;F;Illeso;0;;Non accertato;Inesploso
4771749;7;27/01/2020 13:20:00;Strada Urbana;VIA CASILINA;in prossimit�;;del civico n.;890;;Tamponamento Multiplo;Rettilineo;Due carreggiate;Asciutto;Asfaltata;Orizzontale;Sereno;Normale;Buona;Ore Diurne;0;0;0;3;12.6907;41.8633;-1;3;Autovettura privata;In marcia / fermata / arresto;Conducente;M;Illeso;0;;;
4771756;7;26/01/2020 13:00:00;Strada Urbana;VIA TOR DE' SCHIAVI;in prossimit�;;del civico n.;83;;Veicolo in marcia contro veicolo in sosta;Rettilineo;Una carreggiata a doppio senso;Asciutto;Asfaltata;Verticale ed orizzontale;Sereno;Scarso;Buona;Ore Diurne;0;0;0;0;12.5638;41.8795;-1;1;Autovettura privata;Sosta;;;;;;;
4771760;1;24/01/2020 12:40:00;Strada Urbana;VIA DANDOLO;all'intersezione con;VIA CALANDRELLI;VIA CALANDRELLI;;;Veicolo in marcia contro veicoli in sosta;Intersezione stradale segnalata;Una carreggiata a doppio senso;Asciutto;Asfaltata;Verticale ed orizzontale;Nuvoloso;Scarso;Buona;Ore Diurne;0;0;0;1;12.4664;41.8853;-1;1;Autocarro inferiore 35 q.;In marcia / fermata / arresto;Conducente;M;Illeso;0;;Non accertato;Inesploso
4771760;1;24/01/2020 12:40:00;Strada Urbana;VIA DANDOLO;all'intersezione con;VIA CALANDRELLI;VIA CALANDRELLI;;;Veicolo in marcia contro veicoli in sosta;Intersezione stradale segnalata;Una carreggiata a doppio senso;Asciutto;Asfaltata;Verticale ed orizzontale;Nuvoloso;Scarso;Buona;Ore Diurne;0;0;0;1;12.4664;41.8853;-1;2;Autovettura privata;Sosta;;;;;;;
4771760;1;24/01/2020 12:40:00;Strada Urbana;VIA DANDOLO;all'intersezione con;VIA CALANDRELLI;VIA CALANDRELLI;;;Veicolo in marcia contro veicoli in sosta;Intersezione stradale segnalata;Una carreggiata a doppio senso;Asciutto;Asfaltata;Verticale ed orizzontale;Nuvoloso;Scarso;Buona;Ore Diurne;0;0;0;1;12.4664;41.8853;-1;3;Autovettura privata;Sosta;;;;;;;
4771760;1;24/01/2020 12:40:00;Strada Urbana;VIA DANDOLO;all'intersezione con;VIA CALANDRELLI;VIA CALANDRELLI;;;Veicolo in marcia contro veicoli in sosta;Intersezione stradale segnalata;Una carreggiata a doppio senso;Asciutto;Asfaltata;Verticale ed orizzontale;Nuvoloso;Scarso;Buona;Ore Diurne;0;0;0;1;12.4664;41.8853;-1;4;Autovettura privata;Sosta;;;;;;;
4771761;19;27/01/2020 03:10:00;Strada Urbana;VIA BRACCIANENSE;in prossimit�;;del civico n.;277;;Ribaltamento senza urto contro ostacolo fisso;Rettilineo;Una carreggiata a doppio senso;Asciutto;Asfaltata;Orizzontale;Sereno;Scarso;Sufficiente;Inesistente;0;0;0;1;12.3523;42.0183;-1;1;Autovettura privata;In marcia / fermata / arresto;Conducente;M;Illeso;0;;Non accertato;Inesistente
4771762;18;27/01/2020 09:30:00;Strada Urbana;VIA DI CASALOTTI;in prossimit�;;del civico n.;181;;Scontro laterale fra veicoli in marcia;Curva a visuale libera;Una carreggiata a doppio senso;Asciutto;Asfaltata;Verticale ed orizzontale;Sereno;Normale;Buona;Ore Diurne;0;0;0;2;12.3686;41.9155;-1;1;Autobus di linea;In marcia / fermata / arresto;Conducente;M;Illeso;0;;;
4771762;18;27/01/2020 09:30:00;Strada Urbana;VIA DI CASALOTTI;in prossimit�;;del civico n.;181;;Scontro laterale fra veicoli in marcia;Curva a visuale libera;Una carreggiata a doppio senso;Asciutto;Asfaltata;Verticale ed orizzontale;Sereno;Normale;Buona;Ore Diurne;0;0;0;2;12.3686;41.9155;-1;2;Autocarro superiore 35 q.;In marcia / fermata / arresto;Conducente;M;Illeso;0;;;
4771774;19;25/01/2020 17:00:00;Strada Urbana;VIA PIEVE DI CADORE;da specificare;;;;pross. via Sappada;Scontro laterale fra veicoli in marcia;Rotatoria;Una carreggiata a senso unico di marcia;Asciutto;Asfaltata;Verticale;Sereno;Normale;Buona;Ore Diurne;0;0;0;3;12.4382;41.9397;-1;1;Autovettura privata;In marcia / fermata / arresto;Conducente;M;Illeso;0;;Non accertato;
4771774;19;25/01/2020 17:00:00;Strada Urbana;VIA PIEVE DI CADORE;da specificare;;;;pross. via Sappada;Scontro laterale fra veicoli in marcia;Rotatoria;Una carreggiata a senso unico di marcia;Asciutto;Asfaltata;Verticale;Sereno;Normale;Buona;Ore Diurne;0;0;0;3;12.4382;41.9397;-1;1;Autovettura privata;In marcia / fermata / arresto;Passeggero;M;Illeso;0;;Non accertato;Inesploso
4771774;19;25/01/2020 17:00:00;Strada Urbana;VIA PIEVE DI CADORE;da specificare;;;;pross. via Sappada;Scontro laterale fra veicoli in marcia;Rotatoria;Una carreggiata a senso unico di marcia;Asciutto;Asfaltata;Verticale;Sereno;Normale;Buona;Ore Diurne;0;0;0;3;12.4382;41.9397;-1;2;Autovettura privata;In marcia / fermata / arresto;Conducente;M;Illeso;0;;Non accertato;Inesploso
4771787;18;27/01/2020 11:30:00;Strada Urbana;VIA BALDO DEGLI UBALDI;in prossimit�;;del civico n.;114;;Scontro frontale/laterale SX fra veicoli in marcia;Rettilineo;Due carreggiate;Asciutto;Asfaltata;Orizzontale;Sereno;Normale;Buona;Ore Diurne;1;0;0;1;12.4338;41.8989;-1;1;Autovettura privata;In marcia / fermata / arresto;Conducente;F;Illeso;0;;Non accertato;Inesploso
4771787;18;27/01/2020 11:30:00;Strada Urbana;VIA BALDO DEGLI UBALDI;in prossimit�;;del civico n.;114;;Scontro frontale/laterale SX fra veicoli in marcia;Rettilineo;Due carreggiate;Asciutto;Asfaltata;Orizzontale;Sereno;Normale;Buona;Ore Diurne;1;0;0;1;12.4338;41.8989;-1;2;Motociclo a solo;In marcia / fermata / arresto;Conducente;M;Rimandato;0;NON DECEDUTO;Non accertato;
4771791;18;27/01/2020 09:15:00;Strada Urbana;VIA MATTIA BATTISTINI;in prossimit�;;del civico n.;76;;Scontro laterale fra veicoli in marcia;Rettilineo;Una carreggiata a doppio senso;Asciutto;Asfaltata;Verticale ed orizzontale;Sereno;Normale;Buona;Ore Diurne;0;0;0;2;12.4144;41.9062;-1;1;Autobus urbano;In marcia / fermata / arresto;Conducente;M;Illeso;0;;Non accertato;Inesploso
4771791;18;27/01/2020 09:15:00;Strada Urbana;VIA MATTIA BATTISTINI;in prossimit�;;del civico n.;76;;Scontro laterale fra veicoli in marcia;Rettilineo;Una carreggiata a doppio senso;Asciutto;Asfaltata;Verticale ed orizzontale;Sereno;Normale;Buona;Ore Diurne;0;0;0;2;12.4144;41.9062;-1;2;Autovettura privata;In marcia / fermata / arresto;Conducente;M;Illeso;0;;Non accertato;Inesploso
4771794;1;24/01/2020 10:00:00;Strada Urbana;PIAZZALE NUMA POMPILIO;all'intersezione semaforizzata con;VIALE DELLE TERME DI CARACALLA;VIALE DELLE TERME DI CARACALLA;;;Scontro frontale/laterale DX fra veicoli in marcia;Incrocio;Pi� di due carreggiate;Asciutto;Asfaltata;Verticale ed orizzontale;Nuvoloso;Normale;Buona;Ore Diurne;0;0;0;3;12.4957;41.8796;-1;1;Motociclo con passeggero;In marcia / fermata / arresto;Conducente;M;Illeso;0;;Utilizzato;
4771794;1;24/01/2020 10:00:00;Strada Urbana;PIAZZALE NUMA POMPILIO;all'intersezione semaforizzata con;VIALE DELLE TERME DI CARACALLA;VIALE DELLE TERME DI CARACALLA;;;Scontro frontale/laterale DX fra veicoli in marcia;Incrocio;Pi� di due carreggiate;Asciutto;Asfaltata;Verticale ed orizzontale;Nuvoloso;Normale;Buona;Ore Diurne;0;0;0;3;12.4957;41.8796;-1;1;Motociclo con passeggero;In marcia / fermata / arresto;Passeggero;F;Illeso;0;;Utilizzato;
4771794;1;24/01/2020 10:00:00;Strada Urbana;PIAZZALE NUMA POMPILIO;all'intersezione semaforizzata con;VIALE DELLE TERME DI CARACALLA;VIALE DELLE TERME DI CARACALLA;;;Scontro frontale/laterale DX fra veicoli in marcia;Incrocio;Pi� di due carreggiate;Asciutto;Asfaltata;Verticale ed orizzontale;Nuvoloso;Normale;Buona;Ore Diurne;0;0;0;3;12.4957;41.8796;-1;2;Autovettura privata;In marcia / fermata / arresto;Conducente;F;Illeso;0;;Utilizzato;Inesploso
4771796;18;27/01/2020 08:05:00;Strada Urbana;VIA AURELIA;in prossimit�;;della chilometrica;9.5;;Veicolo in marcia contro ostacolo accidentale;Rettilineo;Due carreggiate;Viscido da liquidi oleosi;Asfaltata;Verticale ed orizzontale;Sereno;Normale;Buona;Ore Diurne;1;0;0;0;12.3884;41.8852;-1;1;Motociclo a solo;In marcia / fermata / arresto;Conducente;F;Rimandato;0;NON DECEDUTO;;
4771813;1;24/01/2020 21:30:00;Strada Urbana;PONTE GARIBALDI;in prossimit�;;del palo luce n.;1;;Investimento di pedone;Rettilineo;Pi� di due carreggiate;Bagnato (pioggia);Asfaltata;Verticale ed orizzontale;Nuvoloso;Normale;Buona;Sufficiente;2;0;0;1;12.4744;41.8911;-1;;;;Pedone;M;Rimandato;0;NON DECEDUTO;;
4771813;1;24/01/2020 21:30:00;Strada Urbana;PONTE GARIBALDI;in prossimit�;;del palo luce n.;1;;Investimento di pedone;Rettilineo;Pi� di due carreggiate;Bagnato (pioggia);Asfaltata;Verticale ed orizzontale;Nuvoloso;Normale;Buona;Sufficiente;2;0;0;1;12.4744;41.8911;-1;;;;Pedone;F;Rimandato;0;NON DECEDUTO;;
4771813;1;24/01/2020 21:30:00;Strada Urbana;PONTE GARIBALDI;in prossimit�;;del palo luce n.;1;;Investimento di pedone;Rettilineo;Pi� di due carreggiate;Bagnato (pioggia);Asfaltata;Verticale ed orizzontale;Nuvoloso;Normale;Buona;Sufficiente;2;0;0;1;12.4744;41.8911;-1;1;Autovettura pubblica;In marcia / fermata / arresto;Conducente;M;Illeso;0;;;
4771826;4;14/01/2020 12:30:00;Strada Urbana;VIA DELLA BUFALOTTA;in corrispondenza;;del civico n.;779;;Scontro laterale fra veicoli in marcia;Rettilineo;Una carreggiata a doppio senso;Asciutto;Asfaltata;Verticale ed orizzontale;Sereno;Normale;Buona;Ore Diurne;1;0;0;1;12.5496;41.9672;-1;1;Autovettura privata;In marcia / fermata / arresto;Conducente;M;Rimandato;0;NON DECEDUTO;;
4771826;4;14/01/2020 12:30:00;Strada Urbana;VIA DELLA BUFALOTTA;in corrispondenza;;del civico n.;779;;Scontro laterale fra veicoli in marcia;Rettilineo;Una carreggiata a doppio senso;Asciutto;Asfaltata;Verticale ed orizzontale;Sereno;Normale;Buona;Ore Diurne;1;0;0;1;12.5496;41.9672;-1;2;Autovettura privata;In marcia / fermata / arresto;Conducente;M;Illeso;0;;;
4771910;19;27/01/2020 09:30:00;Strada Urbana;VIA DI CASAL DEL MARMO;all'intersezione con;VIA DELLA PALMAROLA;VIA DELLA PALMAROLA;;;Scontro frontale/laterale DX fra veicoli in marcia;Incrocio;Una carreggiata a doppio senso;Asciutto;Asfaltata;Verticale;Sereno;Normale;Buona;Ore Diurne;0;0;0;3;12.387;41.9413;-1;1;Autovettura privata;In marcia / fermata / arresto;Conducente;M;Illeso;0;;Non accertato;Inesploso
4771910;19;27/01/2020 09:30:00;Strada Urbana;VIA DI CASAL DEL MARMO;all'intersezione con;VIA DELLA PALMAROLA;VIA DELLA PALMAROLA;;;Scontro frontale/laterale DX fra veicoli in marcia;Incrocio;Una carreggiata a doppio senso;Asciutto;Asfaltata;Verticale;Sereno;Normale;Buona;Ore Diurne;0;0;0;3;12.387;41.9413;-1;2;Autovettura privata;In marcia / fermata / arresto;Conducente;M;Illeso;0;;Non accertato;Inesploso
4771910;19;27/01/2020 09:30:00;Strada Urbana;VIA DI CASAL DEL MARMO;all'intersezione con;VIA DELLA PALMAROLA;VIA DELLA PALMAROLA;;;Scontro frontale/laterale DX fra veicoli in marcia;Incrocio;Una carreggiata a doppio senso;Asciutto;Asfaltata;Verticale;Sereno;Normale;Buona;Ore Diurne;0;0;0;3;12.387;41.9413;-1;2;Autovettura privata;In marcia / fermata / arresto;Passeggero;M;Illeso;0;;Non accertato;Inesploso
4771935;19;27/01/2020 09:15:00;Strada Urbana;VIA DI TORREVECCHIA;in prossimit�;;del civico n.;665;;Veicolo in marcia contro veicoli in sosta;Rettilineo;Una carreggiata a doppio senso;Asciutto;Asfaltata;Orizzontale;Sereno;Intenso;Buona;Ore Diurne;1;0;0;2;12.4101;41.9206;-1;1;Autovettura privata;In marcia / fermata / arresto;Conducente;M;Illeso;0;;;
4771935;19;27/01/2020 09:15:00;Strada Urbana;VIA DI TORREVECCHIA;in prossimit�;;del civico n.;665;;Veicolo in marcia contro veicoli in sosta;Rettilineo;Una carreggiata a doppio senso;Asciutto;Asfaltata;Orizzontale;Sereno;Intenso;Buona;Ore Diurne;1;0;0;2;12.4101;41.9206;-1;1;Autovettura privata;In marcia / fermata / arresto;Passeggero;F;Illeso;0;;;
4771935;19;27/01/2020 09:15:00;Strada Urbana;VIA DI TORREVECCHIA;in prossimit�;;del civico n.;665;;Veicolo in marcia contro veicoli in sosta;Rettilineo;Una carreggiata a doppio senso;Asciutto;Asfaltata;Orizzontale;Sereno;Intenso;Buona;Ore Diurne;1;0;0;2;12.4101;41.9206;-1;2;Motociclo a solo;In marcia / fermata / arresto;Conducente;M;Rimandato;0;NON DECEDUTO;;
4771935;19;27/01/2020 09:15:00;Strada Urbana;VIA DI TORREVECCHIA;in prossimit�;;del civico n.;665;;Veicolo in marcia contro veicoli in sosta;Rettilineo;Una carreggiata a doppio senso;Asciutto;Asfaltata;Orizzontale;Sereno;Intenso;Buona;Ore Diurne;1;0;0;2;12.4101;41.9206;-1;3;Autovettura privata;Sosta;;;;;;;
4771947;6;27/01/2020 15:20:00;Strada Urbana;PIAZZA DELLA MARRANELLA;all'intersezione semaforizzata con;VIA CASILINA;VIA CASILINA;;;Scontro laterale fra veicoli in marcia;Intersezione semaforizzata;Una carreggiata a doppio senso;Asciutto;Asfaltata;Verticale ed orizzontale;Nuvoloso;Intenso;Buona;Ore Diurne;0;0;0;2;12.5423;41.8803;-1;1;Autocarro superiore 35 q.;In marcia / fermata / arresto;Conducente;M;Illeso;0;;Non accertato;Inesploso
4771947;6;27/01/2020 15:20:00;Strada Urbana;PIAZZA DELLA MARRANELLA;all'intersezione semaforizzata con;VIA CASILINA;VIA CASILINA;;;Scontro laterale fra veicoli in marcia;Intersezione semaforizzata;Una carreggiata a doppio senso;Asciutto;Asfaltata;Verticale ed orizzontale;Nuvoloso;Intenso;Buona;Ore Diurne;0;0;0;2;12.5423;41.8803;-1;2;Autovettura privata;In marcia / fermata / arresto;Conducente;F;Illeso;0;;Non accertato;Inesploso
4771987;9;27/01/2020 09:00:00;Strada Urbana;VIA APPIA NUOVA;in prossimit�;;del civico n.;781;;Scontro laterale fra veicoli in marcia;Rettilineo;Due carreggiate;Asciutto;Asfaltata;Verticale ed orizzontale;Sereno;Normale;Buona;Ore Diurne;1;0;0;2;12.5392;41.8556;-1;1;Autovettura privata;In marcia / fermata / arresto;Conducente;M;Illeso;0;;Non accertato;Inesploso
4771987;9;27/01/2020 09:00:00;Strada Urbana;VIA APPIA NUOVA;in prossimit�;;del civico n.;781;;Scontro laterale fra veicoli in marcia;Rettilineo;Due carreggiate;Asciutto;Asfaltata;Verticale ed orizzontale;Sereno;Normale;Buona;Ore Diurne;1;0;0;2;12.5392;41.8556;-1;1;Autovettura privata;In marcia / fermata / arresto;Passeggero;F;Illeso;0;;Non accertato;Inesploso
4771987;9;27/01/2020 09:00:00;Strada Urbana;VIA APPIA NUOVA;in prossimit�;;del civico n.;781;;Scontro laterale fra veicoli in marcia;Rettilineo;Due carreggiate;Asciutto;Asfaltata;Verticale ed orizzontale;Sereno;Normale;Buona;Ore Diurne;1;0;0;2;12.5392;41.8556;-1;2;Motociclo a solo;In marcia / fermata / arresto;Conducente;M;Rimandato;0;NON DECEDUTO;Non accertato;
4771995;12;26/01/2020 18:00:00;Provinciale;VIA ARDEATINA;in corrispondenza;;della chilometrica;19.65;;Veicolo in marcia contro ostacolo accidentale;Rettilineo;Una carreggiata a doppio senso;Asciutto;Con buche;Verticale ed orizzontale;Sereno;Normale;Insufficiente;Inesistente;0;0;0;2;12.5255;41.8131;-1;1;Autovettura privata;In marcia / fermata / arresto;Conducente;M;Illeso;0;;Non accertato;Inesploso
4771995;12;26/01/2020 18:00:00;Provinciale;VIA ARDEATINA;in corrispondenza;;della chilometrica;19.65;;Veicolo in marcia contro ostacolo accidentale;Rettilineo;Una carreggiata a doppio senso;Asciutto;Con buche;Verticale ed orizzontale;Sereno;Normale;Insufficiente;Inesistente;0;0;0;2;12.5255;41.8131;-1;1;Autovettura privata;In marcia / fermata / arresto;Passeggero;F;Illeso;0;;Utilizzato;Inesploso
4772118;1;25/01/2020 23:00:00;Strada Urbana;PORTA MAGGIORE;all'intersezione con;VIA STATILIA;VIA STATILIA;;;Scontro laterale fra veicoli in marcia;Incrocio;Una carreggiata a senso unico di marcia;Asciutto;Asfaltata;Orizzontale;Sereno;Normale;Buona;Sufficiente;0;0;0;8;12.5141;41.8912;-1;1;Autovettura privata;In marcia / fermata / arresto;Conducente;M;Illeso;0;;Non accertato;Inesploso
4772118;1;25/01/2020 23:00:00;Strada Urbana;PORTA MAGGIORE;all'intersezione con;VIA STATILIA;VIA STATILIA;;;Scontro laterale fra veicoli in marcia;Incrocio;Una carreggiata a senso unico di marcia;Asciutto;Asfaltata;Orizzontale;Sereno;Normale;Buona;Sufficiente;0;0;0;8;12.5141;41.8912;-1;1;Autovettura privata;In marcia / fermata / arresto;Passeggero;M;Illeso;0;;Non accertato;Inesploso
4772118;1;25/01/2020 23:00:00;Strada Urbana;PORTA MAGGIORE;all'intersezione con;VIA STATILIA;VIA STATILIA;;;Scontro laterale fra veicoli in marcia;Incrocio;Una carreggiata a senso unico di marcia;Asciutto;Asfaltata;Orizzontale;Sereno;Normale;Buona;Sufficiente;0;0;0;8;12.5141;41.8912;-1;1;Autovettura privata;In marcia / fermata / arresto;Passeggero;F;Illeso;0;;Non accertato;Inesploso
4772118;1;25/01/2020 23:00:00;Strada Urbana;PORTA MAGGIORE;all'intersezione con;VIA STATILIA;VIA STATILIA;;;Scontro laterale fra veicoli in marcia;Incrocio;Una carreggiata a senso unico di marcia;Asciutto;Asfaltata;Orizzontale;Sereno;Normale;Buona;Sufficiente;0;0;0;8;12.5141;41.8912;-1;1;Autovettura privata;In marcia / fermata / arresto;Passeggero;F;Illeso;0;;Non accertato;Inesploso
4772118;1;25/01/2020 23:00:00;Strada Urbana;PORTA MAGGIORE;all'intersezione con;VIA STATILIA;VIA STATILIA;;;Scontro laterale fra veicoli in marcia;Incrocio;Una carreggiata a senso unico di marcia;Asciutto;Asfaltata;Orizzontale;Sereno;Normale;Buona;Sufficiente;0;0;0;8;12.5141;41.8912;-1;1;Autovettura privata;In marcia / fermata / arresto;Passeggero;F;Illeso;0;;Non accertato;Inesploso
4772118;1;25/01/2020 23:00:00;Strada Urbana;PORTA MAGGIORE;all'intersezione con;VIA STATILIA;VIA STATILIA;;;Scontro laterale fra veicoli in marcia;Incrocio;Una carreggiata a senso unico di marcia;Asciutto;Asfaltata;Orizzontale;Sereno;Normale;Buona;Sufficiente;0;0;0;8;12.5141;41.8912;-1;2;Autovettura privata;In marcia / fermata / arresto;Conducente;F;Illeso;0;;Non accertato;Inesploso
4772118;1;25/01/2020 23:00:00;Strada Urbana;PORTA MAGGIORE;all'intersezione con;VIA STATILIA;VIA STATILIA;;;Scontro laterale fra veicoli in marcia;Incrocio;Una carreggiata a senso unico di marcia;Asciutto;Asfaltata;Orizzontale;Sereno;Normale;Buona;Sufficiente;0;0;0;8;12.5141;41.8912;-1;2;Autovettura privata;In marcia / fermata / arresto;Passeggero;M;Illeso;0;;Non accertato;Inesploso
4772118;1;25/01/2020 23:00:00;Strada Urbana;PORTA MAGGIORE;all'intersezione con;VIA STATILIA;VIA STATILIA;;;Scontro laterale fra veicoli in marcia;Incrocio;Una carreggiata a senso unico di marcia;Asciutto;Asfaltata;Orizzontale;Sereno;Normale;Buona;Sufficiente;0;0;0;8;12.5141;41.8912;-1;2;Autovettura privata;In marcia / fermata / arresto;Passeggero;M;Illeso;0;;Non accertato;Inesploso
4772134;1;26/01/2020 01:00:00;Strada Urbana;PIAZZA PASQUALE PAOLI;all'intersezione semaforizzata con;LUNGOTEVERE DEGLI ALTOVITI;LUNGOTEVERE DEGLI ALTOVITI;;;Tamponamento;Intersezione semaforizzata;Una carreggiata a senso unico di marcia;Asciutto;Asfaltata;Verticale ed orizzontale;Sereno;Normale;Sufficiente;Sufficiente;0;0;0;3;12.4649;41.9008;-1;1;Ciclomotore;In marcia / fermata / arresto;Conducente;M;Illeso;0;;Non accertato;
4772134;1;26/01/2020 01:00:00;Strada Urbana;PIAZZA PASQUALE PAOLI;all'intersezione semaforizzata con;LUNGOTEVERE DEGLI ALTOVITI;LUNGOTEVERE DEGLI ALTOVITI;;;Tamponamento;Intersezione semaforizzata;Una carreggiata a senso unico di marcia;Asciutto;Asfaltata;Verticale ed orizzontale;Sereno;Normale;Sufficiente;Sufficiente;0;0;0;3;12.4649;41.9008;-1;2;Autovettura privata;In marcia / fermata / arresto;Conducente;M;Illeso;0;;Non accertato;Inesploso
4772134;1;26/01/2020 01:00:00;Strada Urbana;PIAZZA PASQUALE PAOLI;all'intersezione semaforizzata con;LUNGOTEVERE DEGLI ALTOVITI;LUNGOTEVERE DEGLI ALTOVITI;;;Tamponamento;Intersezione semaforizzata;Una carreggiata a senso unico di marcia;Asciutto;Asfaltata;Verticale ed orizzontale;Sereno;Normale;Sufficiente;Sufficiente;0;0;0;3;12.4649;41.9008;-1;2;Autovettura privata;In marcia / fermata / arresto;Passeggero;M;Illeso;0;;;
4772147;1;25/01/2020 03:10:00;Strada Urbana;VIA MARMORATA;in prossimit�;;del civico n.;45;;Tamponamento;Rettilineo;Una carreggiata a doppio senso;Bagnato (umidit� in atto);Asfaltata;Verticale ed orizzontale;Sereno;Scarso;Sufficiente;Sufficiente;0;0;0;4;12.4787;41.879;-1;1;Quadriciclo;In marcia / fermata / arresto;Conducente;F;Illeso;0;;Non accertato;Inesploso
4772147;1;25/01/2020 03:10:00;Strada Urbana;VIA MARMORATA;in prossimit�;;del civico n.;45;;Tamponamento;Rettilineo;Una carreggiata a doppio senso;Bagnato (umidit� in atto);Asfaltata;Verticale ed orizzontale;Sereno;Scarso;Sufficiente;Sufficiente;0;0;0;4;12.4787;41.879;-1;2;Autovettura di polizia;In marcia / fermata / arresto;Conducente;M;Illeso;0;;;
4772147;1;25/01/2020 03:10:00;Strada Urbana;VIA MARMORATA;in prossimit�;;del civico n.;45;;Tamponamento;Rettilineo;Una carreggiata a doppio senso;Bagnato (umidit� in atto);Asfaltata;Verticale ed orizzontale;Sereno;Scarso;Sufficiente;Sufficiente;0;0;0;4;12.4787;41.879;-1;2;Autovettura di polizia;In marcia / fermata / arresto;Passeggero;F;Illeso;0;;;
4772147;1;25/01/2020 03:10:00;Strada Urbana;VIA MARMORATA;in prossimit�;;del civico n.;45;;Tamponamento;Rettilineo;Una carreggiata a doppio senso;Bagnato (umidit� in atto);Asfaltata;Verticale ed orizzontale;Sereno;Scarso;Sufficiente;Sufficiente;0;0;0;4;12.4787;41.879;-1;2;Autovettura di polizia;In marcia / fermata / arresto;Passeggero;M;Illeso;0;;;
4772177;18;27/01/2020 17:20:00;Statale;VIA AURELIA;da specificare;;;;prossimit� km. 9,600;Tamponamento Multiplo;Rettilineo;Due carreggiate;Bagnato (pioggia);Asfaltata;Verticale ed orizzontale;Pioggia in atto;Intenso;Buona;Ore Diurne;0;0;0;4;12.3914;41.8841;-1;1;Autovettura privata;In marcia / fermata / arresto;Conducente;F;Illeso;0;;Non accertato;Inesploso
4772177;18;27/01/2020 17:20:00;Statale;VIA AURELIA;da specificare;;;;prossimit� km. 9,600;Tamponamento Multiplo;Rettilineo;Due carreggiate;Bagnato (pioggia);Asfaltata;Verticale ed orizzontale;Pioggia in atto;Intenso;Buona;Ore Diurne;0;0;0;4;12.3914;41.8841;-1;1;Autovettura privata;In marcia / fermata / arresto;Passeggero;F;Illeso;0;;Non accertato;Inesploso
4772177;18;27/01/2020 17:20:00;Statale;VIA AURELIA;da specificare;;;;prossimit� km. 9,600;Tamponamento Multiplo;Rettilineo;Due carreggiate;Bagnato (pioggia);Asfaltata;Verticale ed orizzontale;Pioggia in atto;Intenso;Buona;Ore Diurne;0;0;0;4;12.3914;41.8841;-1;2;Autovettura privata;In marcia / fermata / arresto;Conducente;M;Illeso;0;;Non accertato;Inesploso