Protocollo;Gruppo;DataOraIncidente;Localizzazione1;STRADA1;Localizzazione2;STRADA2;Strada02;Chilometrica;DaSpecificare;NaturaIncidente;particolaritastrade;TipoStrada;FondoStradale;Pavimentazione;Segnaletica;CondizioneAtmosferica;Traffico;Visibilita;Illuminazione;NUM_FERITI;NUM_RISERVATA;NUM_MORTI;NUM_ILLESI;Longitude;Latitude;Confermato;Progressivo;TipoVeicolo;StatoVeicolo;TipoPersona;Sesso;Tipolesione;Deceduto;DecedutoDopo;CinturaCascoUtilizzato;Airbag;
4775959;5;29/01/2020 11:10:00;Strada Urbana;VIA LEONIDA RECH;in corrispondenza;;del civico n.;51;;Scontro frontale/laterale DX fra veicoli in marcia;Rettilineo;Una carreggiata a doppio senso;Bagnato (umidit� in atto);Asfaltata;Verticale ed orizzontale;Nuvoloso;Scarso;Buona;Ore Diurne;2;0;0;2;12.5617;41.928;-1;1;Autovettura privata;In marcia / fermata / arresto;Passeggero;F;Rimandato;0;NON DECEDUTO;Non accertato;Inesploso
4775959;5;29/01/2020 11:10:00;Strada Urbana;VIA LEONIDA RECH;in corrispondenza;;del civico n.;51;;Scontro frontale/laterale DX fra veicoli in marcia;Rettilineo;Una carreggiata a doppio senso;Bagnato (umidit� in atto);Asfaltata;Verticale ed orizzontale;Nuvoloso;Scarso;Buona;Ore Diurne;2;0;0;2;12.5617;41.928;-1;2;Autovettura privata;In marcia / fermata / arresto;Conducente;F;Illeso;0;;Non accertato;Inesploso
4775959;5;29/01/2020 11:10:00;Strada Urbana;VIA LEONIDA RECH;in corrispondenza;;del civico n.;51;;Scontro frontale/laterale DX fra veicoli in marcia;Rettilineo;Una carreggiata a doppio senso;Bagnato (umidit� in atto);Asfaltata;Verticale ed orizzontale;Nuvoloso;Scarso;Buona;Ore Diurne;2;0;0;2;12.5617;41.928;-1;2;Autovettura privata;In marcia / fermata / arresto;Passeggero;M;Illeso;0;;Non accertato;Inesploso
4775971;5;29/01/2020 15:15:00;Strada Urbana;VIA DEL CASALE DI S. BASILIO;in prossimit�;;del civico n.;214;;Veicolo in marcia contro veicolo fermo;Rettilineo;Una carreggiata a doppio senso;Asciutto;Asfaltata;Orizzontale;Sereno;Normale;Buona;Ore Diurne;2;0;0;0;12.5815;41.9366;-1;1;Autovettura privata;In marcia / fermata / arresto;Conducente;F;Rimandato;0;NON DECEDUTO;Non accertato;Inesploso
4775971;5;29/01/2020 15:15:00;Strada Urbana;VIA DEL CASALE DI S. BASILIO;in prossimit�;;del civico n.;214;;Veicolo in marcia contro veicolo fermo;Rettilineo;Una carreggiata a doppio senso;Asciutto;Asfaltata;Orizzontale;Sereno;Normale;Buona;Ore Diurne;2;0;0;0;12.5815;41.9366;-1;2;Autovettura privata;In marcia / fermata / arresto;Conducente;M;Rimandato;0;NON DECEDUTO;;
4775993;20;29/01/2020 19:00:00;Strada Urbana;VIA DELLA STAZIONE DI GROTTAROSSA;in prossimit�;;del civico n.;1068;;Veicolo in marcia contro ostacolo accidentale;Rettilineo;Una carreggiata a doppio senso;Asciutto;Asfaltata;Assente;Sereno;Scarso;Sufficiente;Sufficiente;0;0;0;1;12.4923;41.9668;-1;1;Autovettura privata;In marcia / fermata / arresto;Conducente;M;Illeso;0;;Non accertato;Inesploso
4776201;13;29/01/2020 22:15:00;Strada Urbana;VIA GIAMBATTISTA BASSANI;da specificare;;;;altezza civ.6;Tamponamento;Rettilineo;Una carreggiata a doppio senso;Asciutto;Asfaltata;Assente;Sereno;Scarso;Buona;Sufficiente;0;0;0;2;12.3633;41.7461;-1;1;Autovettura privata;In marcia / fermata / arresto;Conducente;F;Illeso;0;;Non accertato;Inesploso
4776201;13;29/01/2020 22:15:00;Strada Urbana;VIA GIAMBATTISTA BASSANI;da specificare;;;;altezza civ.6;Tamponamento;Rettilineo;Una carreggiata a doppio senso;Asciutto;Asfaltata;Assente;Sereno;Scarso;Buona;Sufficiente;0;0;0;2;12.3633;41.7461;-1;2;Autovettura privata;In marcia / fermata / arresto;Conducente;M;Illeso;0;;Non accertato;Inesploso
4776379;11;29/01/2020 15:45:00;Strada Urbana;VIA CRISTOFORO COLOMBO;da specificare;;;;CARR. LAT DIR. CENTRO PROX PALO ACEA 235;Tamponamento Multiplo;Rettilineo;Pi� di due carreggiate;Asciutto;Asfaltata;Verticale ed orizzontale;Sereno;Normale;Buona;Ore Diurne;1;0;0;2;12.4911;41.8547;-1;1;Autovettura privata;In marcia / fermata / arresto;Conducente;M;Illeso;0;;Non accertato;
4776379;11;29/01/2020 15:45:00;Strada Urbana;VIA CRISTOFORO COLOMBO;da specificare;;;;CARR. LAT DIR. CENTRO PROX PALO ACEA 235;Tamponamento Multiplo;Rettilineo;Pi� di due carreggiate;Asciutto;Asfaltata;Verticale ed orizzontale;Sereno;Normale;Buona;Ore Diurne;1;0;0;2;12.4911;41.8547;-1;2;Autovettura privata;In marcia / fermata / arresto;Conducente;M;Illeso;0;;Non accertato;
4776379;11;29/01/2020 15:45:00;Strada Urbana;VIA CRISTOFORO COLOMBO;da specificare;;;;CARR. LAT DIR. CENTRO PROX PALO ACEA 235;Tamponamento Multiplo;Rettilineo;Pi� di due carreggiate;Asciutto;Asfaltata;Verticale ed orizzontale;Sereno;Normale;Buona;Ore Diurne;1;0;0;2;12.4911;41.8547;-1;3;Autovettura privata;In marcia / fermata / arresto;Conducente;M;Rifiuta cure immediate;0;NON DECEDUTO;Non accertato;
4776382;1;29/01/2020 14:45:00;Strada Urbana;PIAZZA DI PORTA CAPENA;all'intersezione semaforizzata con;VIA DI S. GREGORIO;VIA DI S. GREGORIO;;;Scontro frontale/laterale DX fra veicoli in marcia;Intersezione semaforizzata;Una carreggiata a doppio senso;Asciutto;Asfaltata;Verticale ed orizzontale;Sereno;Normale;Buona;Ore Diurne;1;0;0;1;12.4894;41.8847;-1;1;Autovettura privata;In marcia / fermata / arresto;Conducente;F;Illeso;0;;Non accertato;Inesploso
4776382;1;29/01/2020 14:45:00;Strada Urbana;PIAZZA DI PORTA CAPENA;all'intersezione semaforizzata con;VIA DI S. GREGORIO;VIA DI S. GREGORIO;;;Scontro frontale/laterale DX fra veicoli in marcia;Intersezione semaforizzata;Una carreggiata a doppio senso;Asciutto;Asfaltata;Verticale ed orizzontale;Sereno;Normale;Buona;Ore Diurne;1;0;0;1;12.4894;41.8847;-1;2;Motociclo a solo;In marcia / fermata / arresto;Conducente;M;Rifiuta cure immediate;0;NON DECEDUTO;Non accertato;
4776384;15;29/01/2020 21:45:00;Strada Urbana;VIA DELLA MAGLIANA;da specificare;;;;prox fronte civ. 374;Veicolo in marcia contro ostacolo fisso;Rettilineo;Due carreggiate;Asciutto;Asfaltata;Verticale ed orizzontale;Sereno;Scarso;Buona;Sufficiente;1;0;0;0;12.4196;41.8317;-1;1;Autovettura privata;In marcia / fermata / arresto;Conducente;F;Rimandato;0;NON DECEDUTO;Non accertato;Esploso
4776417;15;29/01/2020 17:10:00;Strada Urbana;VIA ODERISI DA GUBBIO;in prossimit�;;del civico n.;232;;Veicolo in marcia contro veicolo in sosta;Rettilineo;Una carreggiata a doppio senso;Asciutto;Asfaltata;Verticale;Sereno;Normale;Buona;Ore Diurne;0;0;0;2;12.4642;41.8637;-1;1;Autovettura privata;Sosta;Passeggero;F;Illeso;0;;Non accertato;Inesploso
4776417;15;29/01/2020 17:10:00;Strada Urbana;VIA ODERISI DA GUBBIO;in prossimit�;;del civico n.;232;;Veicolo in marcia contro veicolo in sosta;Rettilineo;Una carreggiata a doppio senso;Asciutto;Asfaltata;Verticale;Sereno;Normale;Buona;Ore Diurne;0;0;0;2;12.4642;41.8637;-1;2;Autovettura privata;In marcia / fermata / arresto;Conducente;M;Illeso;0;;Non accertato;Inesploso
4776452;11;29/01/2020 14:20:00;Strada Urbana;VIA CRISTOFORO COLOMBO;in prossimit�;;del civico n.;422;;Veicolo in marcia contro veicolo in sosta;Rettilineo;Una carreggiata a senso unico di marcia;Asciutto;Strada pavimentata dissestata;Assente;Nebbia;Intenso;Buona;Ore Diurne;0;0;0;1;12.4792;41.8465;-1;1;Autobus di linea;In marcia / fermata / arresto;Conducente;M;Illeso;0;;;
4776452;11;29/01/2020 14:20:00;Strada Urbana;VIA CRISTOFORO COLOMBO;in prossimit�;;del civico n.;422;;Veicolo in marcia contro veicolo in sosta;Rettilineo;Una carreggiata a senso unico di marcia;Asciutto;Strada pavimentata dissestata;Assente;Nebbia;Intenso;Buona;Ore Diurne;0;0;0;1;12.4792;41.8465;-1;2;Autovettura privata;Sosta;;;;;;;
4776460;8;29/01/2020 12:30:00;Strada Urbana;VIA ARIANNA;in prossimit�;;del civico n.;15;;Scontro laterale fra veicoli in marcia;Rettilineo;Una carreggiata a doppio senso;Bagnato (umidit� in atto);Asfaltata;Assente;Nuvoloso;Normale;Buona;Ore Diurne;0;0;0;3;12.6201;41.8757;-1;1;Autovettura privata;In marcia / fermata / arresto;Conducente;F;Illeso;0;;Non accertato;Inesploso
4776460;8;29/01/2020 12:30:00;Strada Urbana;VIA ARIANNA;in prossimit�;;del civico n.;15;;Scontro laterale fra veicoli in marcia;Rettilineo;Una carreggiata a doppio senso;Bagnato (umidit� in atto);Asfaltata;Assente;Nuvoloso;Normale;Buona;Ore Diurne;0;0;0;3;12.6201;41.8757;-1;1;Autovettura privata;In marcia / fermata / arresto;Passeggero;F;Illeso;0;;Non accertato;Inesploso
4776460;8;29/01/2020 12:30:00;Strada Urbana;VIA ARIANNA;in prossimit�;;del civico n.;15;;Scontro laterale fra veicoli in marcia;Rettilineo;Una carreggiata a doppio senso;Bagnato (umidit� in atto);Asfaltata;Assente;Nuvoloso;Normale;Buona;Ore Diurne;0;0;0;3;12.6201;41.8757;-1;2;Autovettura privata;In marcia / fermata / arresto;Conducente;M;Illeso;0;;;
4776473;8;29/01/2020 12:05:00;Provinciale entro l'abitato;VIA PRENESTINA;da specificare;;;;intersezione con Via Modolo;Tamponamento;Rettilineo;Una carreggiata a doppio senso;Asciutto;Asfaltata;Verticale ed orizzontale;Sereno;Normale;Buona;Ore Diurne;1;0;0;3;12.6155;41.8933;-1;1;Autovettura privata;In marcia / fermata / arresto;Conducente;M;Illeso;0;;;
4776473;8;29/01/2020 12:05:00;Provinciale entro l'abitato;VIA PRENESTINA;da specificare;;;;intersezione con Via Modolo;Tamponamento;Rettilineo;Una carreggiata a doppio senso;Asciutto;Asfaltata;Verticale ed orizzontale;Sereno;Normale;Buona;Ore Diurne;1;0;0;3;12.6155;41.8933;-1;1;Autovettura privata;In marcia / fermata / arresto;Passeggero;F;Illeso;0;;;
4776473;8;29/01/2020 12:05:00;Provinciale entro l'abitato;VIA PRENESTINA;da specificare;;;;intersezione con Via Modolo;Tamponamento;Rettilineo;Una carreggiata a doppio senso;Asciutto;Asfaltata;Verticale ed orizzontale;Sereno;Normale;Buona;Ore Diurne;1;0;0;3;12.6155;41.8933;-1;1;Autovettura privata;In marcia / fermata / arresto;Passeggero;F;Illeso;0;;;
4776473;8;29/01/2020 12:05:00;Provinciale entro l'abitato;VIA PRENESTINA;da specificare;;;;intersezione con Via Modolo;Tamponamento;Rettilineo;Una carreggiata a doppio senso;Asciutto;Asfaltata;Verticale ed orizzontale;Sereno;Normale;Buona;Ore Diurne;1;0;0;3;12.6155;41.8933;-1;2;Motociclo a solo;In marcia / fermata / arresto;Conducente;M;Rimandato;0;NON DECEDUTO;;
4776478;8;29/01/2020 09:40:00;Statale entro l'abitato;VIA CASILINA;in corrispondenza;;del civico n.;1880;;Scontro laterale fra veicoli in marcia;Rettilineo;Una carreggiata a doppio senso;Asciutto;Asfaltata;Verticale ed orizzontale;Nuvoloso;Intenso;Buona;Ore Diurne;0;0;0;2;12.689;41.8629;-1;1;Autovettura privata;In marcia / fermata / arresto;Conducente;M;Illeso;0;;Non accertato;
4776478;8;29/01/2020 09:40:00;Statale entro l'abitato;VIA CASILINA;in corrispondenza;;del civico n.;1880;;Scontro laterale fra veicoli in marcia;Rettilineo;Una carreggiata a doppio senso;Asciutto;Asfaltata;Verticale ed orizzontale;Nuvoloso;Intenso;Buona;Ore Diurne;0;0;0;2;12.689;41.8629;-1;2;Autovettura privata;In marcia / fermata / arresto;Conducente;M;Illeso;0;;Non accertato;
4776481;8;29/01/2020 19:10:00;Provinciale entro l'abitato;VIA POLENSE;all'intersezione con;VIA MASSA DI SAN GIULIANO;VIA MASSA DI SAN GIULIANO;;;Scontro frontale/laterale SX fra veicoli in marcia;Intersezione stradale segnalata;Una carreggiata a doppio senso;Asciutto;Asfaltata;Verticale ed orizzontale;Sereno;Normale;Sufficiente;Sufficiente;1;0;0;1;12.7077;41.9017;-1;1;Motociclo a solo;In marcia / fermata / arresto;Conducente;M;Rimandato;0;NON DECEDUTO;;
4776481;8;29/01/2020 19:10:00;Provinciale entro l'abitato;VIA POLENSE;all'intersezione con;VIA MASSA DI SAN GIULIANO;VIA MASSA DI SAN GIULIANO;;;Scontro frontale/laterale SX fra veicoli in marcia;Intersezione stradale segnalata;Una carreggiata a doppio senso;Asciutto;Asfaltata;Verticale ed orizzontale;Sereno;Normale;Sufficiente;Sufficiente;1;0;0;1;12.7077;41.9017;-1;2;Autovettura privata;In marcia / fermata / arresto;Conducente;M;Illeso;0;;;
4776483;8;29/01/2020 15:50:00;Strada Urbana;VIA CASILINA;da specificare;;;;in prossimit� dell'intersezione con VIA SICULIANA ;Tamponamento;Rettilineo;Una carreggiata a doppio senso;Asciutto;Asfaltata;Verticale ed orizzontale;Sereno;Intenso;Buona;Ore Diurne;1;0;0;2;12.6199;41.8628;-1;1;Autovettura privata;In marcia / fermata / arresto;Conducente;M;Illeso;0;;;
4776483;8;29/01/2020 15:50:00;Strada Urbana;VIA CASILINA;da specificare;;;;in prossimit� dell'intersezione con VIA SICULIANA ;Tamponamento;Rettilineo;Una carreggiata a doppio senso;Asciutto;Asfaltata;Verticale ed orizzontale;Sereno;Intenso;Buona;Ore Diurne;1;0;0;2;12.6199;41.8628;-1;2;Autovettura privata;In marcia / fermata / arresto;Conducente;M;Illeso;0;;Non accertato;
4776483;8;29/01/2020 15:50:00;Strada Urbana;VIA CASILINA;da specificare;;;;in prossimit� dell'intersezione con VIA SICULIANA ;Tamponamento;Rettilineo;Una carreggiata a doppio senso;Asciutto;Asfaltata;Verticale ed orizzontale;Sereno;Intenso;Buona;Ore Diurne;1;0;0;2;12.6199;41.8628;-1;2;Autovettura privata;In marcia / fermata / arresto;Passeggero;F;Rifiuta cure immediate;0;NON DECEDUTO;Non accertato;Inesploso
4776488;8;29/01/2020 14:00:00;Statale entro l'abitato;VIA CASILINA;all'intersezione con;VIA SICULIANA;VIA SICULIANA;;;Scontro laterale fra veicoli in marcia;Intersezione stradale segnalata;Una carreggiata a doppio senso;Asciutto;Asfaltata;Verticale ed orizzontale;Nuvoloso;Normale;Buona;Ore Diurne;0;0;0;4;12.6514;41.8651;-1;1;Autovettura privata;In marcia / fermata / arresto;Conducente;M;Illeso;0;;Non accertato;Inesploso
4776488;8;29/01/2020 14:00:00;Statale entro l'abitato;VIA CASILINA;all'intersezione con;VIA SICULIANA;VIA SICULIANA;;;Scontro laterale fra veicoli in marcia;Intersezione stradale segnalata;Una carreggiata a doppio senso;Asciutto;Asfaltata;Verticale ed orizzontale;Nuvoloso;Normale;Buona;Ore Diurne;0;0;0;4;12.6514;41.8651;-1;2;Autovettura privata;In marcia / fermata / arresto;Conducente;M;Illeso;0;;Non accertato;Inesploso
4776488;8;29/01/2020 14:00:00;Statale entro l'abitato;VIA CASILINA;all'intersezione con;VIA SICULIANA;VIA SICULIANA;;;Scontro laterale fra veicoli in marcia;Intersezione stradale segnalata;Una carreggiata a doppio senso;Asciutto;Asfaltata;Verticale ed orizzontale;Nuvoloso;Normale;Buona;Ore Diurne;0;0;0;4;12.6514;41.8651;-1;2;Autovettura privata;In marcia / fermata / arresto;Passeggero;F;Illeso;0;;Non accertato;Inesploso
4776488;8;29/01/2020 14:00:00;Statale entro l'abitato;VIA CASILINA;all'intersezione con;VIA SICULIANA;VIA SICULIANA;;;Scontro laterale fra veicoli in marcia;Intersezione stradale segnalata;Una carreggiata a doppio senso;Asciutto;Asfaltata;Verticale ed orizzontale;Nuvoloso;Normale;Buona;Ore Diurne;0;0;0;4;12.6514;41.8651;-1;3;Motociclo a solo;In marcia / fermata / arresto;Conducente;M;Illeso;0;;Non accertato;
4776489;18;30/01/2020 00:10:00;Strada Urbana;VIA DI BOCCEA;in prossimit�;;del civico n.;659;;Investimento di pedone;Rettilineo;Una carreggiata a doppio senso;Asciutto;Asfaltata;Verticale ed orizzontale;Sereno;Scarso;Sufficiente;Sufficiente;1;0;0;2;12.3749;41.9218;-1;;;;Pedone;M;Rimandato;0;NON DECEDUTO;;
4776489;18;30/01/2020 00:10:00;Strada Urbana;VIA DI BOCCEA;in prossimit�;;del civico n.;659;;Investimento di pedone;Rettilineo;Una carreggiata a doppio senso;Asciutto;Asfaltata;Verticale ed orizzontale;Sereno;Scarso;Sufficiente;Sufficiente;1;0;0;2;12.3749;41.9218;-1;1;Autovettura privata;In marcia / fermata / arresto;Conducente;M;Illeso;0;;;
4776489;18;30/01/2020 00:10:00;Strada Urbana;VIA DI BOCCEA;in prossimit�;;del civico n.;659;;Investimento di pedone;Rettilineo;Una carreggiata a doppio senso;Asciutto;Asfaltata;Verticale ed orizzontale;Sereno;Scarso;Sufficiente;Sufficiente;1;0;0;2;12.3749;41.9218;-1;1;Autovettura privata;In marcia / fermata / arresto;Passeggero;F;Illeso;0;;;
4776490;11;29/01/2020 20:30:00;Strada Urbana;VIA DI GROTTA PERFETTA;in prossimit�;;del palo luce n.;124;;Veicolo in marcia contro ostacolo fisso;Rettilineo;Una carreggiata a doppio senso;Asciutto;Asfaltata;Verticale ed orizzontale;Sereno;Scarso;Sufficiente;Sufficiente;1;0;0;0;12.5111;41.8353;-1;1;Autovettura privata;In marcia / fermata / arresto;Conducente;F;Rimandato;0;NON DECEDUTO;Non accertato;
4776493;8;29/01/2020 17:50:00;Provinciale entro l'abitato;VIA PRENESTINA;all'intersezione con;VIA DELLA RISERVA NUOVA;VIA DELLA RISERVA NUOVA;;;Scontro frontale fra veicoli in marcia;Intersezione semaforizzata;Una carreggiata a doppio senso;Asciutto;Asfaltata;Verticale ed orizzontale;Nuvoloso;Normale;Sufficiente;Sufficiente;2;0;0;2;12.6805;41.8905;-1;1;Autovettura privata;In marcia / fermata / arresto;Conducente;M;Illeso;0;;;
4776493;8;29/01/2020 17:50:00;Provinciale entro l'abitato;VIA PRENESTINA;all'intersezione con;VIA DELLA RISERVA NUOVA;VIA DELLA RISERVA NUOVA;;;Scontro frontale fra veicoli in marcia;Intersezione semaforizzata;Una carreggiata a doppio senso;Asciutto;Asfaltata;Verticale ed orizzontale;Nuvoloso;Normale;Sufficiente;Sufficiente;2;0;0;2;12.6805;41.8905;-1;1;Autovettura privata;In marcia / fermata / arresto;Passeggero;F;Rifiuta cure immediate;0;NON DECEDUTO;Non accertato;Inesploso
4776493;8;29/01/2020 17:50:00;Provinciale entro l'abitato;VIA PRENESTINA;all'intersezione con;VIA DELLA RISERVA NUOVA;VIA DELLA RISERVA NUOVA;;;Scontro frontale fra veicoli in marcia;Intersezione semaforizzata;Una carreggiata a doppio senso;Asciutto;Asfaltata;Verticale ed orizzontale;Nuvoloso;Normale;Sufficiente;Sufficiente;2;0;0;2;12.6805;41.8905;-1;1;Autovettura privata;In marcia / fermata / arresto;Passeggero;F;Rifiuta cure immediate;0;NON DECEDUTO;Non accertato;Inesploso
4776493;8;29/01/2020 17:50:00;Provinciale entro l'abitato;VIA PRENESTINA;all'intersezione con;VIA DELLA RISERVA NUOVA;VIA DELLA RISERVA NUOVA;;;Scontro frontale fra veicoli in marcia;Intersezione semaforizzata;Una carreggiata a doppio senso;Asciutto;Asfaltata;Verticale ed orizzontale;Nuvoloso;Normale;Sufficiente;Sufficiente;2;0;0;2;12.6805;41.8905;-1;2;Autovettura privata;In marcia / fermata / arresto;Conducente;M;Illeso;0;;Non accertato;Inesploso
4776494;13;29/01/2020 16:00:00;Strada Urbana;VIALE VASCO DE GAMA;in corrispondenza;;del civico n.;75;;Veicolo in marcia contro veicolo in sosta;Rettilineo;Due carreggiate;Asciutto;Asfaltata;Orizzontale;Sereno;Normale;Buona;Ore Diurne;0;0;0;1;12.2766;41.7338;-1;1;Autovettura privata;In marcia / fermata / arresto;Conducente;M;Illeso;0;;Non accertato;Inesploso
4776494;13;29/01/2020 16:00:00;Strada Urbana;VIALE VASCO DE GAMA;in corrispondenza;;del civico n.;75;;Veicolo in marcia contro veicolo in sosta;Rettilineo;Due carreggiate;Asciutto;Asfaltata;Orizzontale;Sereno;Normale;Buona;Ore Diurne;0;0;0;1;12.2766;41.7338;-1;2;Autovettura privata;Sosta;;;;;;;
4776534;11;30/01/2020 01:40:00;Strada Urbana;VIALE GIUSTINIANO IMPERATORE;all'intersezione con;VIA TITO;VIA TITO;;;Veicolo in marcia contro veicolo in sosta;Incrocio;Una carreggiata a senso unico di marcia;Asciutto;Asfaltata;Verticale ed orizzontale;Sereno;Scarso;Buona;Sufficiente;0;0;0;3;12.4878;41.8544;-1;1;Autovettura privata;In marcia / fermata / arresto;Conducente;M;Illeso;0;;Non accertato;
4776534;11;30/01/2020 01:40:00;Strada Urbana;VIALE GIUSTINIANO IMPERATORE;all'intersezione con;VIA TITO;VIA TITO;;;Veicolo in marcia contro veicolo in sosta;Incrocio;Una carreggiata a senso unico di marcia;Asciutto;Asfaltata;Verticale ed orizzontale;Sereno;Scarso;Buona;Sufficiente;0;0;0;3;12.4878;41.8544;-1;1;Autovettura privata;In marcia / fermata / arresto;Passeggero;M;Illeso;0;;Non accertato;
4776534;11;30/01/2020 01:40:00;Strada Urbana;VIALE GIUSTINIANO IMPERATORE;all'intersezione con;VIA TITO;VIA TITO;;;Veicolo in marcia contro veicolo in sosta;Incrocio;Una carreggiata a senso unico di marcia;Asciutto;Asfaltata;Verticale ed orizzontale;Sereno;Scarso;Buona;Sufficiente;0;0;0;3;12.4878;41.8544;-1;1;Autovettura privata;In marcia / fermata / arresto;Passeggero;M;Illeso;0;;Non accertato;
4776534;11;30/01/2020 01:40:00;Strada Urbana;VIALE GIUSTINIANO IMPERATORE;all'intersezione con;VIA TITO;VIA TITO;;;Veicolo in marcia contro veicolo in sosta;Incrocio;Una carreggiata a senso unico di marcia;Asciutto;Asfaltata;Verticale ed orizzontale;Sereno;Scarso;Buona;Sufficiente;0;0;0;3;12.4878;41.8544;-1;2;Autovettura privata;Sosta;;;;;;;
4776544;4;29/01/2020 19:55:00;Strada Urbana;VIA DOMENICO COMPARETTI;all'intersezione con;VIA TEOFILO FOLENGO;VIA TEOFILO FOLENGO;;;Scontro frontale/laterale SX fra veicoli in marcia;Incrocio;Una carreggiata a senso unico di marcia;Asciutto;Asfaltata;Verticale;Sereno;Normale;Sufficiente;Sufficiente;2;0;0;1;12.5513;41.9427;-1;1;Autovettura privata;In marcia / fermata / arresto;Conducente;M;Rifiuta cure immediate;0;NON DECEDUTO;;
4776544;4;29/01/2020 19:55:00;Strada Urbana;VIA DOMENICO COMPARETTI;all'intersezione con;VIA TEOFILO FOLENGO;VIA TEOFILO FOLENGO;;;Scontro frontale/laterale SX fra veicoli in marcia;Incrocio;Una carreggiata a senso unico di marcia;Asciutto;Asfaltata;Verticale;Sereno;Normale;Sufficiente;Sufficiente;2;0;0;1;12.5513;41.9427;-1;1;Autovettura privata;In marcia / fermata / arresto;Passeggero;F;Rifiuta cure immediate;0;NON DECEDUTO;;
4776544;4;29/01/2020 19:55:00;Strada Urbana;VIA DOMENICO COMPARETTI;all'intersezione con;VIA TEOFILO FOLENGO;VIA TEOFILO FOLENGO;;;Scontro frontale/laterale SX fra veicoli in marcia;Incrocio;Una carreggiata a senso unico di marcia;Asciutto;Asfaltata;Verticale;Sereno;Normale;Sufficiente;Sufficiente;2;0;0;1;12.5513;41.9427;-1;2;Autovettura privata;In marcia / fermata / arresto;Conducente;F;Illeso;0;;;
4776555;10;29/01/2020 10:00:00;Statale;VIA APPIA NUOVA;all'intersezione con;VIA DELLE CAPANNELLE;VIA DELLE CAPANNELLE;;;Scontro laterale fra veicoli in marcia;Intersezione semaforizzata;Due carreggiate;Asciutto;Asfaltata;Verticale ed orizzontale;Nuvoloso;Intenso;Buona;Ore Diurne;0;0;0;2;12.562;41.8246;-1;1;Autovettura privata;In marcia / fermata / arresto;Conducente;M;Illeso;0;;Non accertato;Inesploso
4776555;10;29/01/2020 10:00:00;Statale;VIA APPIA NUOVA;all'intersezione con;VIA DELLE CAPANNELLE;VIA DELLE CAPANNELLE;;;Scontro laterale fra veicoli in marcia;Intersezione semaforizzata;Due carreggiate;Asciutto;Asfaltata;Verticale ed orizzontale;Nuvoloso;Intenso;Buona;Ore Diurne;0;0;0;2;12.562;41.8246;-1;2;Motociclo a solo;In marcia / fermata / arresto;Conducente;M;Illeso;0;;Non accertato;
4776557;11;29/01/2020 17:00:00;Strada Urbana;VIA ARDEATINA;in prossimit�;;del civico n.;164;;Scontro frontale/laterale SX fra veicoli in marcia;Rettilineo;Una carreggiata a doppio senso;Asciutto;Asfaltata;Verticale ed orizzontale;Sereno;Normale;Buona;Ore Diurne;1;0;0;1;12.5082;41.8583;-1;1;Autovettura privata;In marcia / fermata / arresto;Conducente;M;Illeso;0;;;
4776557;11;29/01/2020 17:00:00;Strada Urbana;VIA ARDEATINA;in prossimit�;;del civico n.;164;;Scontro frontale/laterale SX fra veicoli in marcia;Rettilineo;Una carreggiata a doppio senso;Asciutto;Asfaltata;Verticale ed orizzontale;Sereno;Normale;Buona;Ore Diurne;1;0;0;1;12.5082;41.8583;-1;2;Motociclo a solo;In marcia / fermata / arresto;Conducente;M;Rimandato;0;NON DECEDUTO;;
4776560;13;29/01/2020 16:00:00;Strada Urbana;PIAZZALE CRISTOFORO COLOMBO;da specificare;;;;rotatoria;Scontro frontale/laterale SX fra veicoli in marcia;Rotatoria;Una carreggiata a doppio senso;Asciutto;Asfaltata;Orizzontale;Sereno;Normale;Buona;Ore Diurne;1;0;0;2;12.4536;41.8089;-1;1;Autovettura privata;In marcia / fermata / arresto;Conducente;F;Ricoverato;0;NON DECEDUTO;Non accertato;Inesploso
4776560;13;29/01/2020 16:00:00;Strada Urbana;PIAZZALE CRISTOFORO COLOMBO;da specificare;;;;rotatoria;Scontro frontale/laterale SX fra veicoli in marcia;Rotatoria;Una carreggiata a doppio senso;Asciutto;Asfaltata;Orizzontale;Sereno;Normale;Buona;Ore Diurne;1;0;0;2;12.4536;41.8089;-1;2;Autovettura privata;In marcia / fermata / arresto;Conducente;M;Illeso;0;;Non accertato;Inesploso
4776560;13;29/01/2020 16:00:00;Strada Urbana;PIAZZALE CRISTOFORO COLOMBO;da specificare;;;;rotatoria;Scontro frontale/laterale SX fra veicoli in marcia;Rotatoria;Una carreggiata a doppio senso;Asciutto;Asfaltata;Orizzontale;Sereno;Normale;Buona;Ore Diurne;1;0;0;2;12.4536;41.8089;-1;2;Autovettura privata;In marcia / fermata / arresto;Passeggero;M;Illeso;0;;Non accertato;Inesploso