Protocollo;Gruppo;DataOraIncidente;Localizzazione1;STRADA1;Localizzazione2;STRADA2;Strada02;Chilometrica;DaSpecificare;NaturaIncidente;particolaritastrade;TipoStrada;FondoStradale;Pavimentazione;Segnaletica;CondizioneAtmosferica;Traffico;Visibilita;Illuminazione;NUM_FERITI;NUM_RISERVATA;NUM_MORTI;NUM_ILLESI;Longitude;Latitude;Confermato;Progressivo;TipoVeicolo;StatoVeicolo;TipoPersona;Sesso;Tipolesione;Deceduto;DecedutoDopo;CinturaCascoUtilizzato;Airbag;
4778542;8;30/01/2020 12:00:00;Strada Urbana;VIA JACOPO TORRITI;all'intersezione con;VIA ALFONSO ALBERGHETTI;VIA ALFONSO ALBERGHETTI;;;Veicolo in marcia contro veicolo in sosta;Incrocio;Una carreggiata a senso unico di marcia;Asciutto;Asfaltata;Verticale;Sereno;Scarso;Buona;Ore Diurne;0;0;0;1;12.6242;41.8666;-1;1;Autovettura privata;In marcia / fermata / arresto;Conducente;F;Illeso;0;;Non accertato;Inesploso
4778542;8;30/01/2020 12:00:00;Strada Urbana;VIA JACOPO TORRITI;all'intersezione con;VIA ALFONSO ALBERGHETTI;VIA ALFONSO ALBERGHETTI;;;Veicolo in marcia contro veicolo in sosta;Incrocio;Una carreggiata a senso unico di marcia;Asciutto;Asfaltata;Verticale;Sereno;Scarso;Buona;Ore Diurne;0;0;0;1;12.6242;41.8666;-1;2;Autovettura privata;Sosta;;;;;;;
4778542;8;30/01/2020 12:00:00;Strada Urbana;VIA JACOPO TORRITI;all'intersezione con;VIA ALFONSO ALBERGHETTI;VIA ALFONSO ALBERGHETTI;;;Veicolo in marcia contro veicolo in sosta;Incrocio;Una carreggiata a senso unico di marcia;Asciutto;Asfaltata;Verticale;Sereno;Scarso;Buona;Ore Diurne;0;0;0;1;12.6242;41.8666;-1;3;Autovettura privata;Sosta;;;;;;;
4778545;12;30/01/2020 12:00:00;Strada Urbana;PIAZZALE VENTICINQUE MARZO 1957;da specificare;;;;direzione G.R.A.;Scontro frontale/laterale SX fra veicoli in marcia;Rettilineo;Pi� di due carreggiate;Asciutto;Asfaltata;Verticale ed orizzontale;Sereno;Normale;Buona;Ore Diurne;0;0;0;3;12.4631;41.8185;-1;1;Autovettura privata;In marcia / fermata / arresto;Conducente;F;Illeso;0;;;
4778545;12;30/01/2020 12:00:00;Strada Urbana;PIAZZALE VENTICINQUE MARZO 1957;da specificare;;;;direzione G.R.A.;Scontro frontale/laterale SX fra veicoli in marcia;Rettilineo;Pi� di due carreggiate;Asciutto;Asfaltata;Verticale ed orizzontale;Sereno;Normale;Buona;Ore Diurne;0;0;0;3;12.4631;41.8185;-1;2;Autocarro inferiore 35 q.;In marcia / fermata / arresto;Conducente;M;Illeso;0;;;
4778545;12;30/01/2020 12:00:00;Strada Urbana;PIAZZALE VENTICINQUE MARZO 1957;da specificare;;;;direzione G.R.A.;Scontro frontale/laterale SX fra veicoli in marcia;Rettilineo;Pi� di due carreggiate;Asciutto;Asfaltata;Verticale ed orizzontale;Sereno;Normale;Buona;Ore Diurne;0;0;0;3;12.4631;41.8185;-1;2;Autocarro inferiore 35 q.;In marcia / fermata / arresto;Passeggero;M;Illeso;0;;;
4778551;8;30/01/2020 12:00:00;Strada Urbana;VIA DEL FOSSO SCILICINO;in corrispondenza;;del civico n.;46/C;;Investimento di pedone;Rettilineo;Una carreggiata a doppio senso;Asciutto;Asfaltata;Verticale ed orizzontale;Sereno;Normale;Sufficiente;;1;0;0;1;12.6816;41.9027;0;;;;Pedone;M;Ricoverato;0;NON DECEDUTO;;
4778551;8;30/01/2020 12:00:00;Strada Urbana;VIA DEL FOSSO SCILICINO;in corrispondenza;;del civico n.;46/C;;Investimento di pedone;Rettilineo;Una carreggiata a doppio senso;Asciutto;Asfaltata;Verticale ed orizzontale;Sereno;Normale;Sufficiente;;1;0;0;1;12.6816;41.9027;0;1;Autovettura privata;In marcia / fermata / arresto;Conducente;M;Illeso;0;;;
4778556;1;31/01/2020 02:40:00;Strada Urbana;VIA DANDOLO;in corrispondenza;;del civico n.;4;;Scontro laterale fra veicoli in marcia;Rettilineo;Una carreggiata a senso unico di marcia;Asciutto;Asfaltata;Verticale ed orizzontale;Sereno;Scarso;Buona;Sufficiente;0;0;0;5;12.4692;41.8857;-1;1;Autovettura privata;In marcia / fermata / arresto;Conducente;F;Illeso;0;;Non accertato;Inesploso
4778556;1;31/01/2020 02:40:00;Strada Urbana;VIA DANDOLO;in corrispondenza;;del civico n.;4;;Scontro laterale fra veicoli in marcia;Rettilineo;Una carreggiata a senso unico di marcia;Asciutto;Asfaltata;Verticale ed orizzontale;Sereno;Scarso;Buona;Sufficiente;0;0;0;5;12.4692;41.8857;-1;1;Autovettura privata;In marcia / fermata / arresto;Passeggero;F;Illeso;0;;Non accertato;Inesploso
4778556;1;31/01/2020 02:40:00;Strada Urbana;VIA DANDOLO;in corrispondenza;;del civico n.;4;;Scontro laterale fra veicoli in marcia;Rettilineo;Una carreggiata a senso unico di marcia;Asciutto;Asfaltata;Verticale ed orizzontale;Sereno;Scarso;Buona;Sufficiente;0;0;0;5;12.4692;41.8857;-1;1;Autovettura privata;In marcia / fermata / arresto;Passeggero;M;Illeso;0;;Non accertato;Inesploso
4778556;1;31/01/2020 02:40:00;Strada Urbana;VIA DANDOLO;in corrispondenza;;del civico n.;4;;Scontro laterale fra veicoli in marcia;Rettilineo;Una carreggiata a senso unico di marcia;Asciutto;Asfaltata;Verticale ed orizzontale;Sereno;Scarso;Buona;Sufficiente;0;0;0;5;12.4692;41.8857;-1;2;Autovettura pubblica;In marcia / fermata / arresto;Conducente;M;Illeso;0;;Non accertato;Inesploso
4778558;8;30/01/2020 11:45:00;Strada Urbana;VIA PIETRO BELON;in prossimit�;;del civico n.;157;;Veicolo in marcia contro ostacolo accidentale;Rettilineo;Una carreggiata a doppio senso;Asciutto;Asfaltata;Orizzontale;Sereno;Scarso;Buona;Ore Diurne;0;0;0;3;12.5912;41.8725;-1;1;Autovettura privata;In marcia / fermata / arresto;Conducente;M;Illeso;0;;Non accertato;Inesploso
4778558;8;30/01/2020 11:45:00;Strada Urbana;VIA PIETRO BELON;in prossimit�;;del civico n.;157;;Veicolo in marcia contro ostacolo accidentale;Rettilineo;Una carreggiata a doppio senso;Asciutto;Asfaltata;Orizzontale;Sereno;Scarso;Buona;Ore Diurne;0;0;0;3;12.5912;41.8725;-1;1;Autovettura privata;In marcia / fermata / arresto;Passeggero;F;Illeso;0;;Non accertato;Inesploso
4778558;8;30/01/2020 11:45:00;Strada Urbana;VIA PIETRO BELON;in prossimit�;;del civico n.;157;;Veicolo in marcia contro ostacolo accidentale;Rettilineo;Una carreggiata a doppio senso;Asciutto;Asfaltata;Orizzontale;Sereno;Scarso;Buona;Ore Diurne;0;0;0;3;12.5912;41.8725;-1;1;Autovettura privata;In marcia / fermata / arresto;Passeggero;M;Illeso;0;;Non accertato;Inesploso
4778560;12;30/01/2020 14:00:00;Provinciale;VIA DELLA FALCOGNANA;da specificare;;;;pross. civ. 90;Veicolo in marcia contro ostacolo accidentale;Rettilineo;Una carreggiata a doppio senso;Asciutto;Asfaltata;Verticale ed orizzontale;Sereno;Normale;Buona;Ore Diurne;0;0;0;1;12.5823;41.771;-1;1;Autovettura privata;In marcia / fermata / arresto;Conducente;F;Illeso;0;;Utilizzato;Inesploso
4778569;8;30/01/2020 08:00:00;Strada Urbana;VIA AMICO ASPERTINI;da specificare;;;;in prossimit� svolta Tor Bella Monaca ;Veicolo in marcia contro ostacolo fisso;Rettilineo;Una carreggiata a doppio senso;Asciutto;Asfaltata;Verticale ed orizzontale;Sereno;Normale;Buona;Ore Diurne;0;0;0;2;12.6299;41.8728;-1;1;Autovettura privata;In marcia / fermata / arresto;Conducente;M;Illeso;0;;;
4778569;8;30/01/2020 08:00:00;Strada Urbana;VIA AMICO ASPERTINI;da specificare;;;;in prossimit� svolta Tor Bella Monaca ;Veicolo in marcia contro ostacolo fisso;Rettilineo;Una carreggiata a doppio senso;Asciutto;Asfaltata;Verticale ed orizzontale;Sereno;Normale;Buona;Ore Diurne;0;0;0;2;12.6299;41.8728;-1;1;Autovettura privata;In marcia / fermata / arresto;Passeggero;M;Illeso;0;;;
4778576;8;30/01/2020 08:30:00;Strada Urbana;VIA ERCOLE PELLINI;in prossimit�;;del civico n.;25;;Investimento di pedone;Rettilineo;Una carreggiata a doppio senso;Asciutto;Asfaltata;Verticale ed orizzontale;Sereno;Normale;Buona;Ore Diurne;1;0;0;2;12.577;41.8662;-1;;;;Pedone;M;Ricoverato;0;NON DECEDUTO;;
4778576;8;30/01/2020 08:30:00;Strada Urbana;VIA ERCOLE PELLINI;in prossimit�;;del civico n.;25;;Investimento di pedone;Rettilineo;Una carreggiata a doppio senso;Asciutto;Asfaltata;Verticale ed orizzontale;Sereno;Normale;Buona;Ore Diurne;1;0;0;2;12.577;41.8662;-1;1;Autovettura privata;In marcia / fermata / arresto;Conducente;M;Illeso;0;;Non accertato;
4778576;8;30/01/2020 08:30:00;Strada Urbana;VIA ERCOLE PELLINI;in prossimit�;;del civico n.;25;;Investimento di pedone;Rettilineo;Una carreggiata a doppio senso;Asciutto;Asfaltata;Verticale ed orizzontale;Sereno;Normale;Buona;Ore Diurne;1;0;0;2;12.577;41.8662;-1;1;Autovettura privata;In marcia / fermata / arresto;Passeggero;F;Illeso;0;;Non accertato;
4778579;8;30/01/2020 12:30:00;Strada Urbana;VIA CASILINA;in prossimit�;;del civico n.;1817;;Tamponamento;Rettilineo;Una carreggiata a doppio senso;Asciutto;Asfaltata;Verticale ed orizzontale;Sereno;Normale;Buona;Ore Diurne;0;0;0;2;12.6835;41.8629;-1;1;Autovettura privata;In marcia / fermata / arresto;Conducente;M;Illeso;0;;Non accertato;Inesploso
4778579;8;30/01/2020 12:30:00;Strada Urbana;VIA CASILINA;in prossimit�;;del civico n.;1817;;Tamponamento;Rettilineo;Una carreggiata a doppio senso;Asciutto;Asfaltata;Verticale ed orizzontale;Sereno;Normale;Buona;Ore Diurne;0;0;0;2;12.6835;41.8629;-1;2;Autoarticolato;In marcia / fermata / arresto;Conducente;M;Illeso;0;;Non accertato;Inesploso
4778586;13;31/01/2020 06:55:00;Strada Urbana;VIA ERMANNO WOLF FERRARI;in corrispondenza;;del civico n.;264;;Veicolo in marcia contro veicolo in sosta;Rettilineo;Una carreggiata a doppio senso;Asciutto;Asfaltata;Assente;Nuvoloso;Intenso;Buona;Sufficiente;1;0;0;0;12.3731;41.7526;-1;1;Autovettura privata;Sosta;;;;;;;
4778586;13;31/01/2020 06:55:00;Strada Urbana;VIA ERMANNO WOLF FERRARI;in corrispondenza;;del civico n.;264;;Veicolo in marcia contro veicolo in sosta;Rettilineo;Una carreggiata a doppio senso;Asciutto;Asfaltata;Assente;Nuvoloso;Intenso;Buona;Sufficiente;1;0;0;0;12.3731;41.7526;-1;2;Motociclo a solo;In marcia / fermata / arresto;Conducente;M;Rifiuta cure immediate;0;NON DECEDUTO;Utilizzato;
4778587;8;30/01/2020 15:20:00;Strada Urbana;VIA CASILINA;in prossimit�;;del civico n.;1604 c;;Tamponamento;Rettilineo;Una carreggiata a doppio senso;Asciutto;Asfaltata;Verticale ed orizzontale;Sereno;Normale;Buona;Sufficiente;1;0;0;2;12.6364;41.8637;-1;1;Autovettura privata;In marcia / fermata / arresto;Conducente;F;Illeso;0;;;
4778587;8;30/01/2020 15:20:00;Strada Urbana;VIA CASILINA;in prossimit�;;del civico n.;1604 c;;Tamponamento;Rettilineo;Una carreggiata a doppio senso;Asciutto;Asfaltata;Verticale ed orizzontale;Sereno;Normale;Buona;Sufficiente;1;0;0;2;12.6364;41.8637;-1;1;Autovettura privata;In marcia / fermata / arresto;Passeggero;F;Rimandato;0;NON DECEDUTO;;
4778587;8;30/01/2020 15:20:00;Strada Urbana;VIA CASILINA;in prossimit�;;del civico n.;1604 c;;Tamponamento;Rettilineo;Una carreggiata a doppio senso;Asciutto;Asfaltata;Verticale ed orizzontale;Sereno;Normale;Buona;Sufficiente;1;0;0;2;12.6364;41.8637;-1;2;Autovettura privata;In marcia / fermata / arresto;Conducente;M;Illeso;0;;;
4778594;2;30/01/2020 07:40:00;Strada Urbana;VIA SCIPIO SLATAPER;in prossimit�;;del civico n.;9;;Scontro laterale fra veicoli in marcia;Rettilineo;Una carreggiata a senso unico di marcia;Bagnato (umidit� in atto);Asfaltata;Verticale ed orizzontale;Sereno;Normale;Buona;Ore Diurne;1;0;0;1;12.4919;41.9249;-1;1;Autovettura privata;In marcia / fermata / arresto;Conducente;M;Illeso;0;;Non accertato;Inesploso
4778594;2;30/01/2020 07:40:00;Strada Urbana;VIA SCIPIO SLATAPER;in prossimit�;;del civico n.;9;;Scontro laterale fra veicoli in marcia;Rettilineo;Una carreggiata a senso unico di marcia;Bagnato (umidit� in atto);Asfaltata;Verticale ed orizzontale;Sereno;Normale;Buona;Ore Diurne;1;0;0;1;12.4919;41.9249;-1;2;Motociclo a solo;In marcia / fermata / arresto;Conducente;M;Rifiuta cure immediate;0;NON DECEDUTO;Non accertato;
4778599;2;30/01/2020 11:20:00;Strada Urbana;VIALE DI VILLA GRAZIOLI;all'intersezione con;VIA LOVANIO;VIA LOVANIO;;;Infortunio per sola frenata improvvisa;Incrocio;Una carreggiata a doppio senso;Asciutto;Asfaltata;Verticale ed orizzontale;Sereno;Scarso;Buona;Ore Diurne;1;0;0;1;12.499;41.9224;-1;1;Motociclo a solo;In marcia / fermata / arresto;Conducente;F;Rimandato;0;NON DECEDUTO;;
4778599;2;30/01/2020 11:20:00;Strada Urbana;VIALE DI VILLA GRAZIOLI;all'intersezione con;VIA LOVANIO;VIA LOVANIO;;;Infortunio per sola frenata improvvisa;Incrocio;Una carreggiata a doppio senso;Asciutto;Asfaltata;Verticale ed orizzontale;Sereno;Scarso;Buona;Ore Diurne;1;0;0;1;12.499;41.9224;-1;2;Autovettura privata;In marcia / fermata / arresto;Conducente;F;Illeso;0;;;
4778603;2;30/01/2020 18:55:00;Strada Urbana;VIALE LIBIA;in corrispondenza;;del civico n.;83;;Veicolo in marcia contro ostacolo fisso;Rettilineo;Due carreggiate;Asciutto;Asfaltata;Verticale ed orizzontale;Sereno;Normale;Buona;Sufficiente;1;0;0;0;12.5175;41.9306;-1;1;Motociclo a solo;In marcia / fermata / arresto;Conducente;F;Rifiuta cure immediate;0;NON DECEDUTO;;
4778609;16;30/01/2020 08:55:00;Strada Urbana;VIA MARCANTONIO ODESCALCHI;in corrispondenza;;del civico n.;2;;Veicolo in marcia contro veicolo in sosta;Rettilineo;Una carreggiata a senso unico di marcia;Asciutto;Asfaltata;Verticale;Sereno;Normale;Buona;Ore Diurne;0;0;0;3;12.4541;41.872;-1;1;Autovettura privata;Sosta;Passeggero;F;Illeso;0;;Non accertato;Inesploso
4778609;16;30/01/2020 08:55:00;Strada Urbana;VIA MARCANTONIO ODESCALCHI;in corrispondenza;;del civico n.;2;;Veicolo in marcia contro veicolo in sosta;Rettilineo;Una carreggiata a senso unico di marcia;Asciutto;Asfaltata;Verticale;Sereno;Normale;Buona;Ore Diurne;0;0;0;3;12.4541;41.872;-1;1;Autovettura privata;Sosta;Passeggero;M;Illeso;0;;Non accertato;Inesploso
4778609;16;30/01/2020 08:55:00;Strada Urbana;VIA MARCANTONIO ODESCALCHI;in corrispondenza;;del civico n.;2;;Veicolo in marcia contro veicolo in sosta;Rettilineo;Una carreggiata a senso unico di marcia;Asciutto;Asfaltata;Verticale;Sereno;Normale;Buona;Ore Diurne;0;0;0;3;12.4541;41.872;-1;2;Autovettura privata;In marcia / fermata / arresto;Conducente;M;Illeso;0;;Non accertato;Inesploso
4778639;1;31/01/2020 01:00:00;Strada Urbana;VIA VENTI SETTEMBRE;all'intersezione semaforizzata con;VIA ANTONIO SALANDRA;VIA ANTONIO SALANDRA;;;Scontro laterale fra veicoli in marcia;Intersezione semaforizzata;Una carreggiata a senso unico di marcia;Asciutto;Asfaltata;Verticale ed orizzontale;Nuvoloso;Scarso;Sufficiente;Sufficiente;1;0;0;1;12.4958;41.9055;-1;1;Autovettura privata;In marcia / fermata / arresto;Conducente;M;Illeso;0;;Non accertato;Inesploso
4778639;1;31/01/2020 01:00:00;Strada Urbana;VIA VENTI SETTEMBRE;all'intersezione semaforizzata con;VIA ANTONIO SALANDRA;VIA ANTONIO SALANDRA;;;Scontro laterale fra veicoli in marcia;Intersezione semaforizzata;Una carreggiata a senso unico di marcia;Asciutto;Asfaltata;Verticale ed orizzontale;Nuvoloso;Scarso;Sufficiente;Sufficiente;1;0;0;1;12.4958;41.9055;-1;2;Autovettura privata;In marcia / fermata / arresto;Conducente;F;Rifiuta cure immediate;0;NON DECEDUTO;Non accertato;Inesploso
4778640;4;30/01/2020 09:30:00;Strada Urbana;VIA DI SETTEBAGNI;da specificare;;;;pross. f.c. 740;Fuoriuscita dalla sede stradale;Curva a visuale libera;Una carreggiata a doppio senso;Asciutto;Asfaltata;Orizzontale;Sereno;Normale;Buona;Ore Diurne;1;0;0;0;12.5273;41.9859;-1;1;Autovettura privata;In marcia / fermata / arresto;Conducente;M;Ricoverato;0;NON DECEDUTO;Non accertato;
4778673;4;30/01/2020 09:30:00;Strada Urbana;PIAZZALE JONIO;in prossimit�;;del civico n.;53;;Tamponamento Multiplo;Rettilineo;Una carreggiata a senso unico di marcia;Asciutto;Asfaltata;Verticale ed orizzontale;Sereno;Normale;Buona;Ore Diurne;0;0;0;5;12.5264;41.9463;-1;1;Autovettura privata;In marcia / fermata / arresto;Conducente;M;Illeso;0;;Non accertato;Inesploso
4778673;4;30/01/2020 09:30:00;Strada Urbana;PIAZZALE JONIO;in prossimit�;;del civico n.;53;;Tamponamento Multiplo;Rettilineo;Una carreggiata a senso unico di marcia;Asciutto;Asfaltata;Verticale ed orizzontale;Sereno;Normale;Buona;Ore Diurne;0;0;0;5;12.5264;41.9463;-1;1;Autovettura privata;In marcia / fermata / arresto;Passeggero;F;Illeso;0;;Non accertato;Inesploso
4778673;4;30/01/2020 09:30:00;Strada Urbana;PIAZZALE JONIO;in prossimit�;;del civico n.;53;;Tamponamento Multiplo;Rettilineo;Una carreggiata a senso unico di marcia;Asciutto;Asfaltata;Verticale ed orizzontale;Sereno;Normale;Buona;Ore Diurne;0;0;0;5;12.5264;41.9463;-1;2;Motociclo a solo;In marcia / fermata / arresto;Conducente;M;Illeso;0;;Non accertato;
4778673;4;30/01/2020 09:30:00;Strada Urbana;PIAZZALE JONIO;in prossimit�;;del civico n.;53;;Tamponamento Multiplo;Rettilineo;Una carreggiata a senso unico di marcia;Asciutto;Asfaltata;Verticale ed orizzontale;Sereno;Normale;Buona;Ore Diurne;0;0;0;5;12.5264;41.9463;-1;3;Autovettura privata;In marcia / fermata / arresto;Conducente;M;Illeso;0;;Non accertato;Inesploso
4778673;4;30/01/2020 09:30:00;Strada Urbana;PIAZZALE JONIO;in prossimit�;;del civico n.;53;;Tamponamento Multiplo;Rettilineo;Una carreggiata a senso unico di marcia;Asciutto;Asfaltata;Verticale ed orizzontale;Sereno;Normale;Buona;Ore Diurne;0;0;0;5;12.5264;41.9463;-1;4;Autovettura privata;In marcia / fermata / arresto;Conducente;F;Illeso;0;;Non accertato;Inesploso
4778674;16;30/01/2020 14:10:00;Strada Urbana;VIALE ISACCO NEWTON;in prossimit�;;del civico n.;12;;Scontro laterale fra veicoli in marcia;Rettilineo;Due carreggiate;Asciutto;Asfaltata;Verticale;Sereno;Normale;Sufficiente;Ore Diurne;0;0;0;2;12.4429;41.8595;-1;1;Autovettura privata;In marcia / fermata / arresto;Conducente;M;Illeso;0;;Non accertato;Inesploso
4778674;16;30/01/2020 14:10:00;Strada Urbana;VIALE ISACCO NEWTON;in prossimit�;;del civico n.;12;;Scontro laterale fra veicoli in marcia;Rettilineo;Due carreggiate;Asciutto;Asfaltata;Verticale;Sereno;Normale;Sufficiente;Ore Diurne;0;0;0;2;12.4429;41.8595;-1;2;Autovettura privata;In marcia / fermata / arresto;Conducente;M;Illeso;0;;Non accertato;Inesploso
4778680;1;30/01/2020 21:50:00;Strada Urbana;PIAZZA DI S. MARIA MAGGIORE;in prossimit�;;del civico n.;13B;;Veicolo in marcia contro ostacolo accidentale;Curva a visuale libera;Una carreggiata a senso unico di marcia;Asciutto;Con buche;Verticale ed orizzontale;Nuvoloso;Normale;Sufficiente;Sufficiente;0;0;0;1;12.4987;41.8969;-1;1;Motociclo a solo;In marcia / fermata / arresto;Conducente;M;Illeso;0;;Non accertato;
4778711;16;30/01/2020 14:20:00;Strada Urbana;VIA QUIRINO MAJORANA;in prossimit�;;del civico n.;182;;Veicolo in marcia contro veicolo in sosta;Pendenza;Due carreggiate;Asciutto;Asfaltata;Assente;Sereno;Normale;Buona;Ore Diurne;0;0;0;1;12.4621;41.8685;0;1;Autovettura privata;Sosta;;;;;;;
4778711;16;30/01/2020 14:20:00;Strada Urbana;VIA QUIRINO MAJORANA;in prossimit�;;del civico n.;182;;Veicolo in marcia contro veicolo in sosta;Pendenza;Due carreggiate;Asciutto;Asfaltata;Assente;Sereno;Normale;Buona;Ore Diurne;0;0;0;1;12.4621;41.8685;0;2;Autovettura privata;In marcia / fermata / arresto;Conducente;M;Illeso;0;;Non accertato;Inesploso
4778753;16;31/01/2020 03:20:00;Strada Urbana;VIA DELLA MAGLIANA;in prossimit�;;del civico n.;375;;Veicolo in marcia contro ostacolo fisso;Rettilineo;Una carreggiata a doppio senso;Asciutto;Asfaltata;Verticale ed orizzontale;Sereno;Scarso;Buona;Sufficiente;1;0;0;0;12.4508;41.8374;-1;1;Autovettura privata;In marcia / fermata / arresto;Conducente;M;Rimandato;0;NON DECEDUTO;Non accertato;Inesploso
4778775;19;31/01/2020 09:30:00;Strada Urbana;VIA LATTANZIO;in prossimit�;;del civico n.;14;;Scontro frontale fra veicoli in marcia;Rettilineo;Una carreggiata a doppio senso;Asciutto;Asfaltata;Assente;Nuvoloso;Normale;Buona;Ore Diurne;1;0;0;1;12.4413;41.9124;-1;1;Autovettura privata;In marcia / fermata / arresto;Conducente;M;Illeso;0;;;
4778775;19;31/01/2020 09:30:00;Strada Urbana;VIA LATTANZIO;in prossimit�;;del civico n.;14;;Scontro frontale fra veicoli in marcia;Rettilineo;Una carreggiata a doppio senso;Asciutto;Asfaltata;Assente;Nuvoloso;Normale;Buona;Ore Diurne;1;0;0;1;12.4413;41.9124;-1;2;Velocipede;In marcia / fermata / arresto;Conducente;M;Rimandato;0;NON DECEDUTO;Esente;
4778795;10;31/01/2020 10:40:00;Strada Urbana;VIA RANUCCIO BIANCHI BANDINELLI;da specificare;;;;area parcheggio interno Pala Cavicchi;Veicolo in marcia contro veicolo in sosta;Rotatoria;Due carreggiate;Asciutto;Strada pavimentata dissestata;Assente;Nuvoloso;Scarso;Buona;Ore Diurne;0;0;0;1;12.5842;41.8197;-1;1;Autovettura privata;Sosta;;;;;;;
4778795;10;31/01/2020 10:40:00;Strada Urbana;VIA RANUCCIO BIANCHI BANDINELLI;da specificare;;;;area parcheggio interno Pala Cavicchi;Veicolo in marcia contro veicolo in sosta;Rotatoria;Due carreggiate;Asciutto;Strada pavimentata dissestata;Assente;Nuvoloso;Scarso;Buona;Ore Diurne;0;0;0;1;12.5842;41.8197;-1;2;Autocarro superiore 35 q.;Allontanatosi;Conducente;M;Illeso;0;;;
4778858;20;31/01/2020 10:40:00;Strada Urbana;VIA DEGLI ORTI DELLA FARNESINA;in prossimit�;;del civico n.;87;;Scontro laterale fra veicoli in marcia;Rettilineo;Una carreggiata a doppio senso;Asciutto;Asfaltata;Orizzontale;Nuvoloso;Normale;Buona;Ore Diurne;0;0;0;2;12.4625;41.9413;-1;1;Autovettura privata;In marcia / fermata / arresto;Conducente;M;Illeso;0;;Non accertato;Inesploso
4778858;20;31/01/2020 10:40:00;Strada Urbana;VIA DEGLI ORTI DELLA FARNESINA;in prossimit�;;del civico n.;87;;Scontro laterale fra veicoli in marcia;Rettilineo;Una carreggiata a doppio senso;Asciutto;Asfaltata;Orizzontale;Nuvoloso;Normale;Buona;Ore Diurne;0;0;0;2;12.4625;41.9413;-1;2;Motociclo a solo;In marcia / fermata / arresto;Conducente;M;Illeso;0;;Non accertato;
4778875;17;31/01/2020 05:30:00;Strada Urbana;CIRCONVALLAZIONE TRIONFALE;all'intersezione semaforizzata con;VIA TRIONFALE;VIA TRIONFALE;;;Veicolo in marcia contro ostacolo fisso;Incrocio;Due carreggiate;Asciutto;Asfaltata;Verticale ed orizzontale;Sereno;Scarso;Buona;Sufficiente;0;0;0;1;12.4497;41.9116;-1;1;Autovettura privata;In marcia / fermata / arresto;Conducente;M;Illeso;0;;Non accertato;
4778986;20;31/01/2020 13:00:00;Strada Urbana;VIA FLAMINIA NUOVA;in corrispondenza;;della chilometrica;8.5;;Ribaltamento senza urto contro ostacolo fisso;Rettilineo;Due carreggiate;Asciutto;Asfaltata;Verticale ed orizzontale;Nuvoloso;Normale;Buona;Ore Diurne;1;0;0;3;12.4792;41.9609;-1;1;Motociclo a solo;In marcia / fermata / arresto;Conducente;M;Rimandato;0;NON DECEDUTO;Utilizzato;
4778986;20;31/01/2020 13:00:00;Strada Urbana;VIA FLAMINIA NUOVA;in corrispondenza;;della chilometrica;8.5;;Ribaltamento senza urto contro ostacolo fisso;Rettilineo;Due carreggiate;Asciutto;Asfaltata;Verticale ed orizzontale;Nuvoloso;Normale;Buona;Ore Diurne;1;0;0;3;12.4792;41.9609;-1;2;Autovettura privata;In marcia / fermata / arresto;Conducente;M;Illeso;0;;Non accertato;Inesploso
4778986;20;31/01/2020 13:00:00;Strada Urbana;VIA FLAMINIA NUOVA;in corrispondenza;;della chilometrica;8.5;;Ribaltamento senza urto contro ostacolo fisso;Rettilineo;Due carreggiate;Asciutto;Asfaltata;Verticale ed orizzontale;Nuvoloso;Normale;Buona;Ore Diurne;1;0;0;3;12.4792;41.9609;-1;2;Autovettura privata;In marcia / fermata / arresto;Passeggero;M;Illeso;0;;Non accertato;Inesploso
4778986;20;31/01/2020 13:00:00;Strada Urbana;VIA FLAMINIA NUOVA;in corrispondenza;;della chilometrica;8.5;;Ribaltamento senza urto contro ostacolo fisso;Rettilineo;Due carreggiate;Asciutto;Asfaltata;Verticale ed orizzontale;Nuvoloso;Normale;Buona;Ore Diurne;1;0;0;3;12.4792;41.9609;-1;2;Autovettura privata;In marcia / fermata / arresto;Passeggero;M;Illeso;0;;Non accertato;Inesploso
4779003;1;31/01/2020 12:15:00;Strada Urbana;VIA SISTINA;in corrispondenza;;del civico n.;34;;Investimento di pedone;Rettilineo;Una carreggiata a senso unico di marcia;Asciutto;Acciotolata;Verticale ed orizzontale;Nuvoloso;Normale;Buona;Ore Diurne;0;1;0;1;12.486;41.9046;-1;;;;Pedone;M;Prognosi riservata;0;NON DECEDUTO;;
4779003;1;31/01/2020 12:15:00;Strada Urbana;VIA SISTINA;in corrispondenza;;del civico n.;34;;Investimento di pedone;Rettilineo;Una carreggiata a senso unico di marcia;Asciutto;Acciotolata;Verticale ed orizzontale;Nuvoloso;Normale;Buona;Ore Diurne;0;1;0;1;12.486;41.9046;-1;1;Autovettura privata;In marcia / fermata / arresto;Conducente;M;Illeso;0;;;
4779170;7;31/01/2020 13:10:00;Strada Urbana;VIALE GIORGIO MORANDI;in corrispondenza;;del civico n.;81;;Scontro frontale/laterale SX fra veicoli in marcia;Rettilineo;Una carreggiata a senso unico di marcia;Asciutto;Asfaltata;Assente;Nuvoloso;Normale;Buona;Ore Diurne;0;0;0;1;12.5837;41.8971;-1;1;Autovettura privata;In marcia / fermata / arresto;Conducente;F;Illeso;0;;;