Protocollo;Gruppo;DataOraIncidente;Localizzazione1;STRADA1;Localizzazione2;STRADA2;Strada02;Chilometrica;DaSpecificare;NaturaIncidente;particolaritastrade;TipoStrada;FondoStradale;Pavimentazione;Segnaletica;CondizioneAtmosferica;Traffico;Visibilita;Illuminazione;NUM_FERITI;NUM_RISERVATA;NUM_MORTI;NUM_ILLESI;Longitude;Latitude;Confermato;Progressivo;TipoVeicolo;StatoVeicolo;TipoPersona;Sesso;Tipolesione;Deceduto;DecedutoDopo;CinturaCascoUtilizzato;Airbag;
4780101;13;31/01/2020 12:30:00;Strada Urbana;VIA DELLE AZZORRE;in prossimit�;;del civico n.;304;;Investimento di pedone;Rettilineo;Due carreggiate;Asciutto;Asfaltata;Orizzontale;Nuvoloso;Normale;Buona;Ore Diurne;1;0;0;1;12.2703;41.7407;-1;1;Autovettura privata;In marcia / fermata / arresto;Conducente;F;Illeso;0;;Non accertato;Inesploso
4780105;1;31/01/2020 19:00:00;Strada Urbana;CORSO VITTORIO EMANUELE II;all'intersezione con;VIA DEI FILIPPINI;VIA DEI FILIPPINI;;;Tamponamento;Rotatoria;Una carreggiata a senso unico di marcia;Asciutto;Asfaltata;Verticale ed orizzontale;Sereno;Normale;Sufficiente;Sufficiente;0;0;0;3;12.4712;41.8972;-1;1;Autovettura privata;In marcia / fermata / arresto;Conducente;F;Illeso;0;;;
4780105;1;31/01/2020 19:00:00;Strada Urbana;CORSO VITTORIO EMANUELE II;all'intersezione con;VIA DEI FILIPPINI;VIA DEI FILIPPINI;;;Tamponamento;Rotatoria;Una carreggiata a senso unico di marcia;Asciutto;Asfaltata;Verticale ed orizzontale;Sereno;Normale;Sufficiente;Sufficiente;0;0;0;3;12.4712;41.8972;-1;2;Autovettura privata;In marcia / fermata / arresto;Conducente;M;Illeso;0;;;
4780105;1;31/01/2020 19:00:00;Strada Urbana;CORSO VITTORIO EMANUELE II;all'intersezione con;VIA DEI FILIPPINI;VIA DEI FILIPPINI;;;Tamponamento;Rotatoria;Una carreggiata a senso unico di marcia;Asciutto;Asfaltata;Verticale ed orizzontale;Sereno;Normale;Sufficiente;Sufficiente;0;0;0;3;12.4712;41.8972;-1;2;Autovettura privata;In marcia / fermata / arresto;Passeggero;M;Illeso;0;;;
4780115;20;31/01/2020 21:15:00;Statale;VIA FLAMINIA;da specificare;;;;Km. 16,600;Veicolo in marcia contro ostacolo accidentale;Rettilineo;Una carreggiata a doppio senso;Asciutto;Asfaltata;Verticale ed orizzontale;Sereno;Normale;Buona;Inesistente;0;0;0;1;12.4718;41.9419;-1;1;Autovettura privata;In marcia / fermata / arresto;Conducente;M;Illeso;0;;Non accertato;
4780120;13;31/01/2020 18:00:00;Strada Urbana;VIA OSTIENSE;all'intersezione con;VIA DELLA STAZIONE DI OSTIA ANTICA;VIA DELLA STAZIONE DI OSTIA ANTICA;;;Scontro frontale/laterale DX fra veicoli in marcia;Incrocio;Una carreggiata a doppio senso;Asciutto;Asfaltata;Verticale;Nuvoloso;Scarso;Buona;Sufficiente;0;0;0;4;12.4229;41.8109;-1;1;Autovettura privata;In marcia / fermata / arresto;Conducente;F;Illeso;0;;Non accertato;Inesploso
4780120;13;31/01/2020 18:00:00;Strada Urbana;VIA OSTIENSE;all'intersezione con;VIA DELLA STAZIONE DI OSTIA ANTICA;VIA DELLA STAZIONE DI OSTIA ANTICA;;;Scontro frontale/laterale DX fra veicoli in marcia;Incrocio;Una carreggiata a doppio senso;Asciutto;Asfaltata;Verticale;Nuvoloso;Scarso;Buona;Sufficiente;0;0;0;4;12.4229;41.8109;-1;1;Autovettura privata;In marcia / fermata / arresto;Passeggero;M;Illeso;0;;Non accertato;Inesploso
4780120;13;31/01/2020 18:00:00;Strada Urbana;VIA OSTIENSE;all'intersezione con;VIA DELLA STAZIONE DI OSTIA ANTICA;VIA DELLA STAZIONE DI OSTIA ANTICA;;;Scontro frontale/laterale DX fra veicoli in marcia;Incrocio;Una carreggiata a doppio senso;Asciutto;Asfaltata;Verticale;Nuvoloso;Scarso;Buona;Sufficiente;0;0;0;4;12.4229;41.8109;-1;2;Autovettura privata;In marcia / fermata / arresto;Conducente;F;Illeso;0;;Non accertato;Inesploso
4780120;13;31/01/2020 18:00:00;Strada Urbana;VIA OSTIENSE;all'intersezione con;VIA DELLA STAZIONE DI OSTIA ANTICA;VIA DELLA STAZIONE DI OSTIA ANTICA;;;Scontro frontale/laterale DX fra veicoli in marcia;Incrocio;Una carreggiata a doppio senso;Asciutto;Asfaltata;Verticale;Nuvoloso;Scarso;Buona;Sufficiente;0;0;0;4;12.4229;41.8109;-1;2;Autovettura privata;In marcia / fermata / arresto;Passeggero;F;Illeso;0;;Non accertato;Inesploso
4780129;4;31/01/2020 07:00:00;Strada Urbana;VIALE GOTTARDO;in corrispondenza;;del civico n.;112;;Veicolo in marcia contro veicolo in sosta;Rettilineo;Una carreggiata a doppio senso;Asciutto;Asfaltata;Verticale ed orizzontale;Nuvoloso;Scarso;Buona;Ore Diurne;0;0;0;1;12.5351;41.9316;-1;1;Autovettura privata;Sosta;;;;;;;
4780129;4;31/01/2020 07:00:00;Strada Urbana;VIALE GOTTARDO;in corrispondenza;;del civico n.;112;;Veicolo in marcia contro veicolo in sosta;Rettilineo;Una carreggiata a doppio senso;Asciutto;Asfaltata;Verticale ed orizzontale;Nuvoloso;Scarso;Buona;Ore Diurne;0;0;0;1;12.5351;41.9316;-1;2;Autoarticolato;In marcia / fermata / arresto;Conducente;M;Illeso;0;;;
4780153;15;31/01/2020 06:50:00;Strada Urbana;VIA DELLA MURATELLA;all'intersezione con;VIALE DI PESCINA GAGLIARDA;VIALE DI PESCINA GAGLIARDA;;;Scontro frontale/laterale DX fra veicoli in marcia;Intersezione non regolata/non segnalata;Una carreggiata a doppio senso;Asciutto;Asfaltata;Verticale ed orizzontale;Nuvoloso;Scarso;Buona;Ore Diurne;1;0;0;1;12.2585;41.8576;-1;1;Autovettura privata;In marcia / fermata / arresto;Conducente;F;Rimandato;0;NON DECEDUTO;Non accertato;Esploso
4780153;15;31/01/2020 06:50:00;Strada Urbana;VIA DELLA MURATELLA;all'intersezione con;VIALE DI PESCINA GAGLIARDA;VIALE DI PESCINA GAGLIARDA;;;Scontro frontale/laterale DX fra veicoli in marcia;Intersezione non regolata/non segnalata;Una carreggiata a doppio senso;Asciutto;Asfaltata;Verticale ed orizzontale;Nuvoloso;Scarso;Buona;Ore Diurne;1;0;0;1;12.2585;41.8576;-1;2;Autocarro inferiore 35 q.;In marcia / fermata / arresto;Conducente;M;Illeso;0;;Non accertato;Inesploso
4780158;13;31/01/2020 18:10:00;Strada Urbana;VIA DI SAPONARA;all'intersezione con;VIA DI ACILIA;VIA DI ACILIA;;;Tamponamento;Incrocio;Una carreggiata a doppio senso;Asciutto;Asfaltata;Verticale ed orizzontale;Sereno;Normale;Buona;Sufficiente;0;0;0;4;12.3459;41.7744;-1;1;Autovettura privata;In marcia / fermata / arresto;Conducente;F;Illeso;0;;Non accertato;Inesploso
4780158;13;31/01/2020 18:10:00;Strada Urbana;VIA DI SAPONARA;all'intersezione con;VIA DI ACILIA;VIA DI ACILIA;;;Tamponamento;Incrocio;Una carreggiata a doppio senso;Asciutto;Asfaltata;Verticale ed orizzontale;Sereno;Normale;Buona;Sufficiente;0;0;0;4;12.3459;41.7744;-1;1;Autovettura privata;In marcia / fermata / arresto;Passeggero;F;Illeso;0;;Non accertato;Inesploso
4780158;13;31/01/2020 18:10:00;Strada Urbana;VIA DI SAPONARA;all'intersezione con;VIA DI ACILIA;VIA DI ACILIA;;;Tamponamento;Incrocio;Una carreggiata a doppio senso;Asciutto;Asfaltata;Verticale ed orizzontale;Sereno;Normale;Buona;Sufficiente;0;0;0;4;12.3459;41.7744;-1;1;Autovettura privata;In marcia / fermata / arresto;Passeggero;F;Illeso;0;;Non accertato;Inesploso
4780158;13;31/01/2020 18:10:00;Strada Urbana;VIA DI SAPONARA;all'intersezione con;VIA DI ACILIA;VIA DI ACILIA;;;Tamponamento;Incrocio;Una carreggiata a doppio senso;Asciutto;Asfaltata;Verticale ed orizzontale;Sereno;Normale;Buona;Sufficiente;0;0;0;4;12.3459;41.7744;-1;2;Autovettura privata;In marcia / fermata / arresto;Conducente;M;Illeso;0;;Non accertato;Inesploso
4780162;15;31/01/2020 07:45:00;Strada Urbana;VIA DELLA MURATELLA;all'intersezione con;VIALE DI PESCINA GAGLIARDA;VIALE DI PESCINA GAGLIARDA;;;Scontro laterale fra veicoli in marcia;Intersezione non regolata/non segnalata;Una carreggiata a doppio senso;Asciutto;Asfaltata;Verticale ed orizzontale;Nuvoloso;Scarso;Buona;Ore Diurne;0;0;0;4;12.2585;41.8576;-1;1;Autovettura privata;In marcia / fermata / arresto;Conducente;F;Illeso;0;;Utilizzato;Inesploso
4780162;15;31/01/2020 07:45:00;Strada Urbana;VIA DELLA MURATELLA;all'intersezione con;VIALE DI PESCINA GAGLIARDA;VIALE DI PESCINA GAGLIARDA;;;Scontro laterale fra veicoli in marcia;Intersezione non regolata/non segnalata;Una carreggiata a doppio senso;Asciutto;Asfaltata;Verticale ed orizzontale;Nuvoloso;Scarso;Buona;Ore Diurne;0;0;0;4;12.2585;41.8576;-1;2;Autovettura privata;In marcia / fermata / arresto;Conducente;F;Illeso;0;;Utilizzato;Inesploso
4780162;15;31/01/2020 07:45:00;Strada Urbana;VIA DELLA MURATELLA;all'intersezione con;VIALE DI PESCINA GAGLIARDA;VIALE DI PESCINA GAGLIARDA;;;Scontro laterale fra veicoli in marcia;Intersezione non regolata/non segnalata;Una carreggiata a doppio senso;Asciutto;Asfaltata;Verticale ed orizzontale;Nuvoloso;Scarso;Buona;Ore Diurne;0;0;0;4;12.2585;41.8576;-1;2;Autovettura privata;In marcia / fermata / arresto;Passeggero;F;Illeso;0;;Utilizzato;Inesploso
4780162;15;31/01/2020 07:45:00;Strada Urbana;VIA DELLA MURATELLA;all'intersezione con;VIALE DI PESCINA GAGLIARDA;VIALE DI PESCINA GAGLIARDA;;;Scontro laterale fra veicoli in marcia;Intersezione non regolata/non segnalata;Una carreggiata a doppio senso;Asciutto;Asfaltata;Verticale ed orizzontale;Nuvoloso;Scarso;Buona;Ore Diurne;0;0;0;4;12.2585;41.8576;-1;2;Autovettura privata;In marcia / fermata / arresto;Passeggero;M;Illeso;0;;Utilizzato;Inesploso
4780194;1;31/01/2020 20:47:00;Strada Urbana;VIA MARIO DE FIORI;all'intersezione con;VIA DELLA VITE;VIA DELLA VITE;;;Scontro laterale fra veicoli in marcia;Incrocio;Una carreggiata a senso unico di marcia;Asciutto;Lastricata;Verticale;Sereno;Scarso;Buona;Sufficiente;0;0;0;3;12.4815;41.9052;-1;1;Autoveicolo trasp.promisc.;In marcia / fermata / arresto;Conducente;M;Illeso;0;;Non accertato;Inesploso
4780194;1;31/01/2020 20:47:00;Strada Urbana;VIA MARIO DE FIORI;all'intersezione con;VIA DELLA VITE;VIA DELLA VITE;;;Scontro laterale fra veicoli in marcia;Incrocio;Una carreggiata a senso unico di marcia;Asciutto;Lastricata;Verticale;Sereno;Scarso;Buona;Sufficiente;0;0;0;3;12.4815;41.9052;-1;2;Autovettura privata;In marcia / fermata / arresto;Conducente;M;Illeso;0;;Non accertato;Inesploso
4780194;1;31/01/2020 20:47:00;Strada Urbana;VIA MARIO DE FIORI;all'intersezione con;VIA DELLA VITE;VIA DELLA VITE;;;Scontro laterale fra veicoli in marcia;Incrocio;Una carreggiata a senso unico di marcia;Asciutto;Lastricata;Verticale;Sereno;Scarso;Buona;Sufficiente;0;0;0;3;12.4815;41.9052;-1;2;Autovettura privata;In marcia / fermata / arresto;Passeggero;F;Illeso;0;;Non accertato;Inesploso
4780205;15;31/01/2020 16:05:00;Strada Urbana;VIA CASTIGLION FIBOCCHI;in corrispondenza;;del civico n.;13;;Veicolo in marcia contro ostacolo accidentale;Rettilineo;Una carreggiata a doppio senso;Asciutto;Asfaltata;Verticale ed orizzontale;Sereno;Normale;Buona;Ore Diurne;0;0;0;5;12.4639;41.8483;-1;1;Macchina operatrice;In marcia / fermata / arresto;Conducente;M;Illeso;0;;;
4780205;15;31/01/2020 16:05:00;Strada Urbana;VIA CASTIGLION FIBOCCHI;in corrispondenza;;del civico n.;13;;Veicolo in marcia contro ostacolo accidentale;Rettilineo;Una carreggiata a doppio senso;Asciutto;Asfaltata;Verticale ed orizzontale;Sereno;Normale;Buona;Ore Diurne;0;0;0;5;12.4639;41.8483;-1;2;Autovettura privata;In marcia / fermata / arresto;Conducente;F;Illeso;0;;;
4780205;15;31/01/2020 16:05:00;Strada Urbana;VIA CASTIGLION FIBOCCHI;in corrispondenza;;del civico n.;13;;Veicolo in marcia contro ostacolo accidentale;Rettilineo;Una carreggiata a doppio senso;Asciutto;Asfaltata;Verticale ed orizzontale;Sereno;Normale;Buona;Ore Diurne;0;0;0;5;12.4639;41.8483;-1;2;Autovettura privata;In marcia / fermata / arresto;Passeggero;F;Illeso;0;;;
4780205;15;31/01/2020 16:05:00;Strada Urbana;VIA CASTIGLION FIBOCCHI;in corrispondenza;;del civico n.;13;;Veicolo in marcia contro ostacolo accidentale;Rettilineo;Una carreggiata a doppio senso;Asciutto;Asfaltata;Verticale ed orizzontale;Sereno;Normale;Buona;Ore Diurne;0;0;0;5;12.4639;41.8483;-1;2;Autovettura privata;In marcia / fermata / arresto;Passeggero;F;Illeso;0;;;
4780207;1;31/01/2020 21:50:00;Strada Urbana;LUNGOTEVERE DEGLI ANGUILLARA;all'intersezione con;PONTE GARIBALDI;PONTE GARIBALDI;;;Infortunio per caduta del veicolo;Incrocio;Pi� di due carreggiate;Asciutto;Asfaltata;Verticale ed orizzontale;Sereno;Normale;Buona;Sufficiente;1;0;0;1;12.4758;41.89;-1;1;Motociclo a solo;In marcia / fermata / arresto;Conducente;M;Illeso;0;;;
4780207;1;31/01/2020 21:50:00;Strada Urbana;LUNGOTEVERE DEGLI ANGUILLARA;all'intersezione con;PONTE GARIBALDI;PONTE GARIBALDI;;;Infortunio per caduta del veicolo;Incrocio;Pi� di due carreggiate;Asciutto;Asfaltata;Verticale ed orizzontale;Sereno;Normale;Buona;Sufficiente;1;0;0;1;12.4758;41.89;-1;2;Motociclo a solo;In marcia / fermata / arresto;Conducente;M;Rimandato;0;NON DECEDUTO;;
4780217;15;31/01/2020 17:15:00;Strada Urbana;VIA PORTUENSE;all'intersezione semaforizzata con;VIA DEGLI IRLANDESI;VIA DEGLI IRLANDESI;;;Scontro laterale fra veicoli in marcia;Incrocio;Pi� di due carreggiate;Asciutto;Asfaltata;Verticale ed orizzontale;Sereno;Normale;Buona;Ore Diurne;0;0;0;1;12.414;41.8469;-1;1;Autovettura privata;In marcia / fermata / arresto;Conducente;M;Illeso;0;;Utilizzato;Inesploso
4780217;15;31/01/2020 17:15:00;Strada Urbana;VIA PORTUENSE;all'intersezione semaforizzata con;VIA DEGLI IRLANDESI;VIA DEGLI IRLANDESI;;;Scontro laterale fra veicoli in marcia;Incrocio;Pi� di due carreggiate;Asciutto;Asfaltata;Verticale ed orizzontale;Sereno;Normale;Buona;Ore Diurne;0;0;0;1;12.414;41.8469;-1;2;Autovettura privata;Allontanatosi;;;;;;;
4780226;15;31/01/2020 20:20:00;Comunale extraurbana;VIA DELLA PISANA;all'intersezione con;VIA DI PONTE GALERIA;VIA DI PONTE GALERIA;;;Scontro laterale fra veicoli in marcia;Incrocio;Una carreggiata a doppio senso;Asciutto;Asfaltata;Verticale ed orizzontale;Nuvoloso;Normale;Buona;Sufficiente;0;0;0;3;12.389;41.8577;-1;1;Autovettura privata;In marcia / fermata / arresto;Conducente;F;Illeso;0;;;
4780226;15;31/01/2020 20:20:00;Comunale extraurbana;VIA DELLA PISANA;all'intersezione con;VIA DI PONTE GALERIA;VIA DI PONTE GALERIA;;;Scontro laterale fra veicoli in marcia;Incrocio;Una carreggiata a doppio senso;Asciutto;Asfaltata;Verticale ed orizzontale;Nuvoloso;Normale;Buona;Sufficiente;0;0;0;3;12.389;41.8577;-1;1;Autovettura privata;In marcia / fermata / arresto;Passeggero;M;Illeso;0;;;
4780226;15;31/01/2020 20:20:00;Comunale extraurbana;VIA DELLA PISANA;all'intersezione con;VIA DI PONTE GALERIA;VIA DI PONTE GALERIA;;;Scontro laterale fra veicoli in marcia;Incrocio;Una carreggiata a doppio senso;Asciutto;Asfaltata;Verticale ed orizzontale;Nuvoloso;Normale;Buona;Sufficiente;0;0;0;3;12.389;41.8577;-1;2;Autovettura privata;In marcia / fermata / arresto;Conducente;M;Illeso;0;;;
4780278;23;31/01/2020 11:40:00;Strada Urbana;VIA ORAZIO PIEROZZI;all'intersezione con;VIA RAIMONDO MARRA;VIA RAIMONDO MARRA;;;Veicolo in marcia contro veicolo in sosta;Incrocio;Una carreggiata a senso unico di marcia;Asciutto;Asfaltata;Verticale;Nuvoloso;Scarso;Buona;Ore Diurne;0;0;0;2;12.5505;41.876;-1;1;Motociclo di polizia;Sosta;;;;;;;
4780278;23;31/01/2020 11:40:00;Strada Urbana;VIA ORAZIO PIEROZZI;all'intersezione con;VIA RAIMONDO MARRA;VIA RAIMONDO MARRA;;;Veicolo in marcia contro veicolo in sosta;Incrocio;Una carreggiata a senso unico di marcia;Asciutto;Asfaltata;Verticale;Nuvoloso;Scarso;Buona;Ore Diurne;0;0;0;2;12.5505;41.876;-1;2;Autovettura privata;In marcia / fermata / arresto;Conducente;M;Illeso;0;;Non accertato;Inesploso
4780278;23;31/01/2020 11:40:00;Strada Urbana;VIA ORAZIO PIEROZZI;all'intersezione con;VIA RAIMONDO MARRA;VIA RAIMONDO MARRA;;;Veicolo in marcia contro veicolo in sosta;Incrocio;Una carreggiata a senso unico di marcia;Asciutto;Asfaltata;Verticale;Nuvoloso;Scarso;Buona;Ore Diurne;0;0;0;2;12.5505;41.876;-1;2;Autovettura privata;In marcia / fermata / arresto;Passeggero;M;Illeso;0;;Non accertato;Inesploso
4780280;4;31/01/2020 08:35:00;Provinciale entro l'abitato;VIA NOMENTANA;in prossimit�;;del civico n.;869;;Infortunio per sola frenata improvvisa;Rettilineo;Una carreggiata a doppio senso;Asciutto;Asfaltata;Verticale ed orizzontale;Nuvoloso;Intenso;Buona;Ore Diurne;1;0;0;0;12.5533;41.9416;-1;1;Ciclomotore;In marcia / fermata / arresto;Conducente;M;Rimandato;0;NON DECEDUTO;;
4780295;2;31/01/2020 09:10:00;Strada Urbana;PIAZZALE MIGUEL CERVANTES;all'intersezione con;VIA OMERO;VIA OMERO;;;Veicolo in marcia contro ostacolo accidentale;Incrocio;Una carreggiata a senso unico di marcia;Asciutto;Asfaltata;Verticale ed orizzontale;Nuvoloso;Normale;Buona;Ore Diurne;0;0;0;1;12.4817;41.9164;-1;1;Autovettura privata;In marcia / fermata / arresto;Conducente;F;Illeso;0;;;
4780298;2;31/01/2020 09:25:00;Strada Urbana;VIA OFANTO;in prossimit�;;del civico n.;fronte 27;;Veicolo in marcia contro veicolo fermo;Rettilineo;Una carreggiata a senso unico di marcia;Asciutto;Asfaltata;Verticale ed orizzontale;Nuvoloso;Scarso;Buona;Ore Diurne;0;0;0;3;12.4982;41.9158;-1;1;Autovettura privata;In marcia / fermata / arresto;Conducente;M;Illeso;0;;Non accertato;Inesploso
4780298;2;31/01/2020 09:25:00;Strada Urbana;VIA OFANTO;in prossimit�;;del civico n.;fronte 27;;Veicolo in marcia contro veicolo fermo;Rettilineo;Una carreggiata a senso unico di marcia;Asciutto;Asfaltata;Verticale ed orizzontale;Nuvoloso;Scarso;Buona;Ore Diurne;0;0;0;3;12.4982;41.9158;-1;2;Autovettura privata;In marcia / fermata / arresto;Conducente;M;Illeso;0;;Non accertato;Inesploso
4780298;2;31/01/2020 09:25:00;Strada Urbana;VIA OFANTO;in prossimit�;;del civico n.;fronte 27;;Veicolo in marcia contro veicolo fermo;Rettilineo;Una carreggiata a senso unico di marcia;Asciutto;Asfaltata;Verticale ed orizzontale;Nuvoloso;Scarso;Buona;Ore Diurne;0;0;0;3;12.4982;41.9158;-1;2;Autovettura privata;In marcia / fermata / arresto;Passeggero;F;Illeso;0;;Non accertato;Inesploso
4780302;2;31/01/2020 12:30:00;Strada Urbana;VIALE GORIZIA;all'intersezione con;VIA APPENNINI;VIA APPENNINI;;;Veicolo in marcia contro veicolo fermo;Incrocio;Una carreggiata a doppio senso;Asciutto;Asfaltata;Verticale ed orizzontale;Nuvoloso;Normale;Buona;Ore Diurne;0;0;0;4;12.5124;41.9196;-1;1;Autovettura privata;In marcia / fermata / arresto;Conducente;M;Illeso;0;;;
4780302;2;31/01/2020 12:30:00;Strada Urbana;VIALE GORIZIA;all'intersezione con;VIA APPENNINI;VIA APPENNINI;;;Veicolo in marcia contro veicolo fermo;Incrocio;Una carreggiata a doppio senso;Asciutto;Asfaltata;Verticale ed orizzontale;Nuvoloso;Normale;Buona;Ore Diurne;0;0;0;4;12.5124;41.9196;-1;1;Autovettura privata;In marcia / fermata / arresto;Passeggero;M;Illeso;0;;;
4780302;2;31/01/2020 12:30:00;Strada Urbana;VIALE GORIZIA;all'intersezione con;VIA APPENNINI;VIA APPENNINI;;;Veicolo in marcia contro veicolo fermo;Incrocio;Una carreggiata a doppio senso;Asciutto;Asfaltata;Verticale ed orizzontale;Nuvoloso;Normale;Buona;Ore Diurne;0;0;0;4;12.5124;41.9196;-1;1;Autovettura privata;In marcia / fermata / arresto;Passeggero;F;Illeso;0;;;
4780302;2;31/01/2020 12:30:00;Strada Urbana;VIALE GORIZIA;all'intersezione con;VIA APPENNINI;VIA APPENNINI;;;Veicolo in marcia contro veicolo fermo;Incrocio;Una carreggiata a doppio senso;Asciutto;Asfaltata;Verticale ed orizzontale;Nuvoloso;Normale;Buona;Ore Diurne;0;0;0;4;12.5124;41.9196;-1;2;Autocarro inferiore 35 q.;In marcia / fermata / arresto;Conducente;M;Illeso;0;;;
4780363;4;31/01/2020 17:00:00;Provinciale entro l'abitato;VIA NOMENTANA;all'intersezione con;VIA GIACOMO ANTONIO CORTUSO;VIA GIACOMO ANTONIO CORTUSO;;;Scontro frontale/laterale DX fra veicoli in marcia;Incrocio;Una carreggiata a doppio senso;Asciutto;Asfaltata;Verticale ed orizzontale;Sereno;Normale;Buona;Ore Diurne;1;0;0;2;12.5728;41.9579;-1;1;Autovettura privata;In marcia / fermata / arresto;Conducente;M;Illeso;0;;Non accertato;Inesploso
4780363;4;31/01/2020 17:00:00;Provinciale entro l'abitato;VIA NOMENTANA;all'intersezione con;VIA GIACOMO ANTONIO CORTUSO;VIA GIACOMO ANTONIO CORTUSO;;;Scontro frontale/laterale DX fra veicoli in marcia;Incrocio;Una carreggiata a doppio senso;Asciutto;Asfaltata;Verticale ed orizzontale;Sereno;Normale;Buona;Ore Diurne;1;0;0;2;12.5728;41.9579;-1;1;Autovettura privata;In marcia / fermata / arresto;Passeggero;F;Illeso;0;;;
4780363;4;31/01/2020 17:00:00;Provinciale entro l'abitato;VIA NOMENTANA;all'intersezione con;VIA GIACOMO ANTONIO CORTUSO;VIA GIACOMO ANTONIO CORTUSO;;;Scontro frontale/laterale DX fra veicoli in marcia;Incrocio;Una carreggiata a doppio senso;Asciutto;Asfaltata;Verticale ed orizzontale;Sereno;Normale;Buona;Ore Diurne;1;0;0;2;12.5728;41.9579;-1;2;Motociclo a solo;In marcia / fermata / arresto;Conducente;M;Rifiuta cure immediate;0;NON DECEDUTO;;
4780401;19;31/01/2020 15:45:00;Strada Urbana;VIA DELLA VALLE DEI FONTANILI;all'intersezione con;VIA DEI DUMAS;VIA DEI DUMAS;;;Tamponamento Multiplo;Incrocio;Una carreggiata a doppio senso;Asciutto;Asfaltata;Verticale ed orizzontale;Sereno;Normale;Buona;Ore Diurne;1;0;0;2;12.4063;41.9267;-1;1;Autovettura privata;In marcia / fermata / arresto;Conducente;F;Illeso;0;;Non accertato;Inesploso
4780401;19;31/01/2020 15:45:00;Strada Urbana;VIA DELLA VALLE DEI FONTANILI;all'intersezione con;VIA DEI DUMAS;VIA DEI DUMAS;;;Tamponamento Multiplo;Incrocio;Una carreggiata a doppio senso;Asciutto;Asfaltata;Verticale ed orizzontale;Sereno;Normale;Buona;Ore Diurne;1;0;0;2;12.4063;41.9267;-1;2;Motociclo a solo;In marcia / fermata / arresto;Conducente;M;Rimandato;0;NON DECEDUTO;Non accertato;
4780401;19;31/01/2020 15:45:00;Strada Urbana;VIA DELLA VALLE DEI FONTANILI;all'intersezione con;VIA DEI DUMAS;VIA DEI DUMAS;;;Tamponamento Multiplo;Incrocio;Una carreggiata a doppio senso;Asciutto;Asfaltata;Verticale ed orizzontale;Sereno;Normale;Buona;Ore Diurne;1;0;0;2;12.4063;41.9267;-1;3;Motociclo a solo;In marcia / fermata / arresto;Conducente;M;Illeso;0;;Non accertato;
4780723;3;31/01/2020 01:20:00;Strada Urbana;VIALE DELLO SCALO S. LORENZO;da specificare;;;;fronte civico 25;Scontro laterale fra veicoli in marcia;Rettilineo;Due carreggiate;Asciutto;Asfaltata;Orizzontale;Sereno;Scarso;Sufficiente;Sufficiente;0;0;0;4;12.518;41.8952;-1;1;Autovettura privata;In marcia / fermata / arresto;Conducente;M;Illeso;0;;;
4780723;3;31/01/2020 01:20:00;Strada Urbana;VIALE DELLO SCALO S. LORENZO;da specificare;;;;fronte civico 25;Scontro laterale fra veicoli in marcia;Rettilineo;Due carreggiate;Asciutto;Asfaltata;Orizzontale;Sereno;Scarso;Sufficiente;Sufficiente;0;0;0;4;12.518;41.8952;-1;1;Autovettura privata;In marcia / fermata / arresto;Passeggero;M;Illeso;0;;;
4780723;3;31/01/2020 01:20:00;Strada Urbana;VIALE DELLO SCALO S. LORENZO;da specificare;;;;fronte civico 25;Scontro laterale fra veicoli in marcia;Rettilineo;Due carreggiate;Asciutto;Asfaltata;Orizzontale;Sereno;Scarso;Sufficiente;Sufficiente;0;0;0;4;12.518;41.8952;-1;1;Autovettura privata;In marcia / fermata / arresto;Passeggero;M;Illeso;0;;;
4780723;3;31/01/2020 01:20:00;Strada Urbana;VIALE DELLO SCALO S. LORENZO;da specificare;;;;fronte civico 25;Scontro laterale fra veicoli in marcia;Rettilineo;Due carreggiate;Asciutto;Asfaltata;Orizzontale;Sereno;Scarso;Sufficiente;Sufficiente;0;0;0;4;12.518;41.8952;-1;2;Autovettura privata;In marcia / fermata / arresto;Conducente;M;Illeso;0;;;
4780724;3;31/01/2020 08:40:00;Strada Urbana;PIAZZALE DEL VERANO;all'intersezione con;VIA TIBURTINA;VIA TIBURTINA;;;Scontro laterale fra veicoli in marcia;Intersezione non regolata/non segnalata;Due carreggiate;Asciutto;Asfaltata;Orizzontale;Nuvoloso;Normale;Buona;Ore Diurne;0;0;0;3;12.5188;41.9012;-1;1;Autovettura privata;In marcia / fermata / arresto;Conducente;F;Illeso;0;;;
4780724;3;31/01/2020 08:40:00;Strada Urbana;PIAZZALE DEL VERANO;all'intersezione con;VIA TIBURTINA;VIA TIBURTINA;;;Scontro laterale fra veicoli in marcia;Intersezione non regolata/non segnalata;Due carreggiate;Asciutto;Asfaltata;Orizzontale;Nuvoloso;Normale;Buona;Ore Diurne;0;0;0;3;12.5188;41.9012;-1;2;Autovettura privata;In marcia / fermata / arresto;Conducente;M;Illeso;0;;;
4780724;3;31/01/2020 08:40:00;Strada Urbana;PIAZZALE DEL VERANO;all'intersezione con;VIA TIBURTINA;VIA TIBURTINA;;;Scontro laterale fra veicoli in marcia;Intersezione non regolata/non segnalata;Due carreggiate;Asciutto;Asfaltata;Orizzontale;Nuvoloso;Normale;Buona;Ore Diurne;0;0;0;3;12.5188;41.9012;-1;2;Autovettura privata;In marcia / fermata / arresto;Passeggero;F;Illeso;0;;;